friend_tagg_count,pid,comment_count,like_count,post_type,fid,created_time,message,share_count,label
7,143653685699398_1413802058684548,10,416,share,143653685699398,2017-03-16T16:34:44+0000,"中科商圈的粉絲們～伯朗先生來啦！
3/17～3/19  飲品買一送一
3/17～4/9  消費滿額還可獲得環保提袋
購買Lounge卡再送你飲品雙享券
（贈品數量有限，送完為止）",40,3
0,394413307347229_1180850318703520,1,47,photo,394413307347229,2017-03-15T09:32:20+0000,"#CZ最優惠~墨西哥早鳥優惠活動搶先報！
3/17~23期間購買台北 - 墨西哥城機票，
限時促銷價僅19200TWD起(未稅)，
領略包羅萬象的拉丁風情就趁現在！",4,3
454,143039229176602_827186614095190,600,50,photo,143039229176602,2017-06-16T04:00:00+0000,"【＃參加活動即有機會獲得照片中的獎品】
　
長榮樂e購為你提供快速又便捷的網路購物服務，有最受歡迎的長榮航空限量LOGO 商品、人氣Hello Kitty商品、機上嚴選及飛機模型，直接宅配到你家，讓你不用出國，在家也能買到機上商品。
　
即日起至6/18 23:59止，在以下留言分享樂e購連結並TAG三位您的旅遊好夥伴，並寫出「快上長榮樂e購一起來購物」小潔將隨機抽出八位幸運兒～～
EX:「＠潔弟、＠潔妹、＠潔寶，快上長榮樂e購 一起來購物」
　

#EVAAir #長榮樂e購 #暑假購物季",869,3
0,283161705067_10158554211560068,2,96,cover_photo,283161705067,2017-04-17T01:42:02+0000,"今年春天，想騎就騎
2017 單車購物節 即日起~5/31 

 🎉購買Liv品牌 $9,800以上車款，送Beliv潮T
 🎉 GIANT、Liv品牌商品配件88折
 🎉 CONDUCT改裝升級77折，再送運動排汗T (本活動為購買ANYROAD、INVITE、DEFY、AVAIL線控碟煞車主適用)

詳情請洽捷安特各門市~~~",18,3
534,100860886668027_1309076062513164,547,584,animated_image_share,100860886668027,2017-04-18T04:48:25+0000,"Sheraton Grand Taipei Hotel X Evian
【漫旅•泰藝】 好水抽獎聯名活動
2017年台北喜來登SUKHOTHAI和Evian一同攜手打造-喝好「水」品「泰」味！即日起至4月26日12:00 PM止，Tag一位好友並寫下最想品嘗本次SUKHOTHAI推出的主廚推薦菜色，按照下列步驟就有機會獲得evian x Christian Lacroix 2017特別版紀念瓶天然礦泉水乙組(500ml/6入)，共計抽出5位，另外再抽出3位粉絲贈送主廚精選泰式風味一人份套餐(價值TWD1,680/限內用)，邀您喝好「水」品「泰」味！
★Follow Steps★
Step1.➤按讚 + 公開分享貼文
Step2.➤貼文下方留言最想品嘗SUKHOTHAI推出的主廚推薦菜色
Step3.➤並Tag 1位好友一起參與【喝好「水」品「泰」味抽獎活動】
Ex.我最想要吃「脆炸果香石斑魚」@AMY和我一起來品嘗！",582,3
7,333338480975_10154628197450976,30,197,video_inline,333338480975,2017-06-27T04:30:00+0000,"◤按讚➕分享貼文收服可愛傑尼龜🏄◢
每到夏天我要去海邊～🌊海邊有個可愛傑尼龜🐢想過個不一樣的熱血夏天🔥，就和傑尼龜作伙去海邊吧～不論是要玩水、衝浪🏄，還是比誰游泳游得快，海上男子漢的傑尼龜可是會讓你佩服到五體投地哦！🙇
💫現在只要購買 EOS M10 迷你單眼相機套組，就可直接獲得限量版皮卡丘玩偶～讓你夏天樂翻天💫
　
🌟 攝影挑戰賽活動辦法 >> https://goo.gl/sch9No
🌟 EOS M10 促銷優惠 >> https://goo.gl/GYuFYB
　
💝精美好禮免費送💝
只要按讚➕分享貼文就有機會把傑尼龜玩偶帶回家～（共 2 名額）
　
#CanonTaiwan #SNAPSHOT #EOSM10 #EOSM #LPE12 #Pokémon #皮卡丘 #寶可夢 #原廠相機包 #玩具攝影 #帶著皮卡丘去探險 #傑尼龜 #海邊",52,3
25,177612180793_10154472075895794,416,552,photo,177612180793,2017-04-04T04:00:00+0000,"【ZenPad⭐每日一劇─食神】
 
❤大家想吃美食電影／影集中出現的什麼料理呢？
　4/7前留言，就有機會得到Zenny旅行組(市價$999)",272,3
80,272634789416198_1466475730032092,202,247,video_inline,272634789416198,2017-03-31T13:30:00+0000,"【Revlon 4重奏X 姐妹的草地音樂節🌺🌸】
　
🎁友情暖心抽🎁
小編想問各位粉絲：
請問你和好姐妹間最難忘的事是？
回答問題，就有機會將HD665絕色魅桃帶回家喔！
※請在FB本PO文下方留言　
※ 即日起至4/6中午12:00止
※ 小編將於4/7隨機抽出2位幸運得主，並留言處公布得獎名單
※ 得獎者請於得獎公告後2天內提供贈獎資料
※ Revlon Taiwan保留活動變更與修改之權利",82,3
0,108254199198010_1439690946054322,1,202,photo,108254199198010,2017-05-28T04:10:00+0000,"🎁海洋元素本期好禮一次看🎁
初夏超好康！買大送小再送好禮任選！
呼聲最高的「雲彩海洋旅行4件組」除了最經典的海洋旅行組外，還有隨身噴霧水壺！輕壓就可噴出保濕水霧，立即消暑降溫！
海洋元素優惠中，買一即享免運>> https://goo.gl/cnqrOX",38,3
265,442235892477072_1472125286154789,287,3674,video_direct_response,442235892477072,2017-04-01T03:00:00+0000,"【沙宣 x 全民挺GD活動！】
沙宣代言人G-Dragon引爆潮流話題，再創話題熱度新顛峰！
4/30前至Pchome 購買沙宣全系列商品滿499，就有機會獲得G-Dragon潮品
數量有限，要搶要快 >> https://goo.gl/mPFGnk
<搶GD三重抽>
1. 買沙宣商品滿$499！就抽GD人形立牌(5名)、托特包(10名)、海報(20名)
> https://goo.gl/mPFGnk
2. 購買新品任一組合，即贈GD海報(限量80名)
> https://goo.gl/1CzuzK
> https://goo.gl/Bs4LZF
3. 購買GD四入組，即贈GD托特包(限量70個)
> https://goo.gl/Eihevc",149,3
2236,152341009257_10155265749109258,1976,9334,photo,152341009257,2017-03-24T04:31:05+0000,"【春浪漫➰櫻花霜淇淋新上市🌸留言抽🎁】
迎接春天的夢幻口味🌸🍦
淡雅櫻花香氣全都融化在舌尖上😋
從霜淇淋到脆皮筒都染上粉色~
還有櫻花+抹茶的綜合口味霜淇淋🍵
到底日式滋味🌸春天賞櫻必備✨✨
現在兩支只要49元噢👍

【櫻花霜淇淋「粉」浪漫🌸留言分享抽精美好禮🎁】
1.『按讚』+『公開分享』此篇文章
2.Tag你的粉浪漫好朋友😎
「@_________，一人一支櫻花霜淇淋粉絕配～浪漫得嫑嫑的」
3. 完成即有機會抽精美禮物共3名
4. 留言截止至3/31
5. 小編將於4/7公佈於全家粉絲團

#櫻花 #抹茶 #霜淇淋 #櫻花霜淇淋 
#不用出國就能吃到日本味 
#櫻花抹茶霜淇淋拍照打卡超美der 
#春季限定
#浪漫得嫑嫑的",1766,3
0,121431141207349_1822000811150365,1,25,photo,121431141207349,2017-06-27T10:00:00+0000,"|| 夏季救星 ||　多項飲品特價優惠！
|| 消暑聖品 ||　緊急救援你的危機！
　
　
#可口可樂第二件五折
#雪碧第二件五折
#進口冰品第二件五折
#悅氏系列商品第二件五折",1,3
0,171212682949216_1437344886335983,2,18,share,171212682949216,2017-05-02T10:00:00+0000,"🎉🎉中獎名單公佈🎉🎉
活動：Global Mall 新北中和環球倩碧概念櫃抽獎活動
恭喜Mei Mei chen  林楚融  黃奕霖 
獲得 紐約普普戀色唇釉(限定色)正貨 乙支
請私訊小編您的聯絡資訊！

貼心小提醒：沒有得獎的粉絲們也別傷心，還有更多抽獎好禮等著大家帶回家唷 >> https://goo.gl/1zhcnJ",0,3
835,131580750222123_1447519071961611,526,1085,photo,131580750222123,2017-06-27T08:30:00+0000,"【狂賀JETS強取四冠🏆留言抽安全帽】
慶祝JETS拿到四冠！小編來大放送🎉
一起來慶祝奪冠，就有機會抽價值萬元的安全帽👍

👉TSR JETS 名人榜👈
🏆TSRRC冠軍-黃晧
🏆TSRRC季軍-王聖欽
🏆125C1冠軍-陳韋豪
🏆125C3冠軍-鄧憶鴻
🏆125C2亞軍-傅忠信
-------------------------------------
〖留言抽萬元安全帽〗
👉活動辦法
STEP1. 追蹤SYM IG粉絲團
STEP2. 於此貼文按讚，並公開分享於個人頁面
STEP3. 於貼文下方留言「@___，JETS強取四冠94狂！我JETS威武啦！」

👉活動時間
即日起至106/7/16，於106/7/18公佈得獎名單

👉活動贈品
萬元安全帽1頂，共1位",521,3
2146,263705449348_10155434126634349,994,1777,photo,263705449348,2017-04-14T17:05:50+0000,"別鬧了吧！手機還能拼比薩拼圖？！
超誘人的北海道櫻花黃金蝦季節限定口味，不但要挑戰美味的極限，更讓你的視覺好驚豔！💪 
現在只要到活動網站拼出史上最大比薩，就有機會去日本或享用免費大比薩！有得吃又有得玩，生活也太滿足了吧 ✨✨✨✨✨
👀✨ 活動傳送門 https://goo.gl/dIwl6k 
　
鐵粉最愛的經典鬆厚比薩【手工現做、香酥餅皮、香濃起司】的完美融合，簡直美味無敵💖 快揪好友一起參加活動拼出最大比薩，就有機會獲得日本旅遊劵🗼
4/24 23:59前【留言+分享】 “@____@___必勝客鬆厚餅皮豐富生活放大滿足，一起拼比薩抽日本雙人遊”即有機會獲得大比薩券",929,3
470,159761263417_10155143874833418,376,397,photo,159761263417,2017-04-26T13:34:42+0000,"【吉列x全聯 限時優惠】分享貼文抽刮鬍刀👏
各位獨愛鋒護的粉絲們~小編也幫你們爭取到特價囉!
即日起至5/4，吉列鋒護刮鬍刀只要1、7、9！

獨家首創✨雙重護盾科技✨，刮護合一，有效減低刮鬍時的刺激不適，看完這把刀的魅力，還不衝到全聯買一把🏃🏃🏃

💥粉絲好康加碼💥
即日起~5/4 (四)23:59，分享貼文並Tag好友，就有機會抽中鋒護刮鬍刀(1名)，事不宜遲先分享吧!

#全新首創 #雙重護盾科技 #Proshield #GilletteTW
㊙吉列刮鬍刀背後的技術👉 https://goo.gl/IOTxZK",360,3
64,359854104118589_1167930579977600,260,467,animated_image_share,359854104118589,2017-06-26T04:00:00+0000,"【再忙，也要來一口ion water💙】
面對工作，永遠保持初戀般的新鮮感
就像對ion water的熱愛，再忙也要喝一口
現在就截下上班族青年喝下ion water的瞬間
從工作中，找回快樂與動力吧💪

💼活動時間：2017年6月25日~2017年6月29日
💼活動辦法：
1.「讚」給粉絲團及本篇貼文一個讚
2.「留言」截下上班族青年喝下ion water的瞬間
3.「分享」大力分享本篇貼文
🎁活動獎品：ion water 4入/組 (3名)

　
🤣寶妹好康道相報🤣
現在只要購買ion water ，上網登錄序號，月月抽 GOGORO PLUS 🛵
活動只到六月底，趕快約朋友們一起搜刮ion water吧~
活動詳情💧 https://goo.gl/uEvpAb

#來一口 #ion_water #提高辦事效率
#我怎麼能沒有你 #全天候隨時飲用 #長效補水",261,3
0,923070624482805_1170426879747177,12,5757,photo,923070624482805,2017-04-10T02:00:00+0000,"【以Mastercard使用Apple Pay，觸動滿滿元氣 : 無價】
SOGO、微風、遠百的餐廳、超市
滿150送30天天有優惠，
一天一家餐餐元氣，一週天天精彩加分！
優惠詳情看這裡：https://goo.gl/Dyq2qM",11,3
1,143932432305117_1524830340881979,1,365,photo,143932432305117,2017-05-04T04:00:00+0000,"【小七福利 - 小美人氣冰品 第２件６折】
日頭赤炎炎，開始想多點囤貨來隨時解暑囉！即日起至2017/5/23，至小七購買小美人氣冰品統統隨你搭，第２件６折喔！",7,3
0,180390341995122_1794824707218336,0,26,share,180390341995122,2017-05-18T12:15:00+0000,"消費滿台幣 6000 元，現省 800 💵
沒錯，就是這麼好康！
現在只要前往 完成一個簡單的任務，
就可以獲得超值優惠碼，
還有機會贏取價值高達台幣 3 萬元的優惠券喔！",0,3
0,164709646910260_1331009866946893,486,2311,photo,164709646910260,2017-05-05T10:31:43+0000,"【HTC 20 週年，感謝有你】

秀出你的HTC手機，就有機會參加 5/16 HTC 活動 ！

報名方式：
Step1. 對此篇貼文按讚+公開分享
Step2. 上傳你最得意的 HTC 手機照片，並留言「HTC 20 週年 生日快樂，我想參加5/16 HTC活動！」

活動資訊：
日期：2017.05.16（二）
時間：13:30 集合
地點：中獎者再以電話聯繫

活動期間小編會於 5/11前陸續通知得獎者喔！

小編提醒 : 如有上傳與本主題無關之照片，HTC有權刪除並保留活動解釋權利",448,3
1,210121695693833_1411720912200566,1,59,photo,210121695693833,2017-05-07T09:43:00+0000,"真的很划算吔😍給想吃炸雞喝可樂的冰友們參考,現在來中信ATM交易有肯德基超值酷碰劵,不論是一個人吃還是很多人一起吃，通通都有優惠唷👍

💟單人適用:墨西哥莎莎霸王捲+2塊上校雞塊+1顆原味蛋撻+1杯百事可樂(中)，特價125元(原價170元) 
💟多人適用:五塊雞(桶)+1份勁爆雞米花(大)+1份香酥脆薯(大)+3顆原味蛋撻+3杯百事可樂(中)，特價345元(原價478元)

★肯德基門市資訊▶http://www.kfcclub.com.tw
★任一銀行金融卡都可A好康▶http://bit.ly/13BvhJd

#中信方便家 #中信ATM酷碰  KFC",4,3
88,143932432305117_1564140616950951,773,750,photo,143932432305117,2017-06-15T04:00:00+0000,"☀涼快一夏！
該選擇時尚小清新，還是深濃香韻味，真是難以抉擇呢😋

歐夏蕾人氣雪糕將來個雙饗大ＰＫ，留言回答你最想吃歐夏蕾『薄荷巧克力脆皮雪糕』或『抹茶脆皮雪糕』，即有機會抽中 『報告老師！怪怪怪怪物！』電影特映券及限量T-shirt、與歐夏蕾時尚傘！

🎁活動日期：6/15~6/30 (7/3公布抽獎)

🎁抽獎贈品：
1. 九把刀原創，並由歐夏蕾代言人劉奕兒主演新電影 『報告老師！怪怪怪怪物！』電影特映卷２張(台北7/26(三)特映會／共抽５名)
➡➡精彩預告 https://goo.gl/K0NSI3

2. 電影限量T-shirt+歐夏蕾時尚傘 (２名)",478,3
0,139589396215732_782573161917349,1,11,video_inline,139589396215732,2017-04-10T09:08:30+0000,"【美妝達人謝翔雅😊#21天挑戰零底妝】
擁有甜美外表的女演員謝翔雅，這次接受了露得清的挑戰！
有沒有可能在21天後，讓肌膚素顏也能晶透自然呢？
欲知詳情，Na小編會持續為大家關注！

#21天挑戰零底妝 上集：https://goo.gl/mcelP3
下集就讓我們拭目以待吧！

現在到活動網頁：https://goo.gl/mcelP3
分享上集影片，就有機會抽中露得清細白修護晚霜 50g 一罐喔！",0,3
0,296096437124051_1341648605902157,0,56,album,296096437124051,2017-03-15T05:00:01+0000,"<美國運通「會員禮讚」> Fun Taiwan 台中之旅

美國運通「會員禮讚」為不分國內外、不分卡別皆可使用的美國運通卡優惠！精選住宿、餐飲、旅遊禮遇，即日起至2017/12/31：
● 住宿優惠：
- 入住指定房型享優惠價：台中林酒店、台中福華大飯店、璞樹文旅、承億文旅-台中鳥日子、台中威汀城市酒店
- 住宿享訂價39折起：兆品酒店、星享道、文華道、天成文旅-回行旅
● 特色餐飲優惠：Cafe at Alessi Store、PUTIEN 莆田
● 旅遊優惠：小馬租車享訂價65折起

另，即日起至2017年6月30日，至全國加油站加油享以下優惠： 
• 自助加油：汽油每公升降 NT$1.5 
• 人工加油：汽油每公升降 NT$1
優惠詳情及不適用日期及更多美國運通「會員禮讚」優惠，請見美國運通「會員禮讚」網站 http://amex.co/2h9k5Fc",2,3
1,188151501215824_1551491531548474,1,215,share,188151501215824,2017-05-17T10:00:00+0000,"！！！史上最殺優惠！！！讓臉緊到嫑嫑超年輕！
✔超未來立體緊緻精華▶▶▶買一送一！
✔超未來立體雙效電眼精華+頸霜▶▶▶ 5折！
官網限量不到100組！手刀搶GO！→ http://bit.ly/2pV5xc5

＊不適用首購 9折",6,3
1,338609223165_10155251478603166,4,347,photo,338609223165,2017-04-25T09:57:51+0000,"｜常保清潔 輕鬆革新｜VOLVO 皮革保養組 

VOLVO 皮革保養擦拭包以環保水性溶劑製成，除了可有效清潔髒污或殘留在皮革上的油漬，也能避免後續污垢附著；同時，皮革保養內溶劑亦符合瑞典嚴格的健康與環境安全標準，不含有害化學物質，使用時不會對人體健康造成影響。 
為常保您的愛車座椅亮麗如新，建議至少每年保養車室座椅 2-4 次，以維持她獨有的性感與嬌貴。 

即日起至 2017 / 4 / 30 止，至全台服務中心同時購買 VOLVO 皮革保養組、擦拭包，即享 85 折優惠。 

更多優惠資訊，歡迎造訪：https://goo.gl/pQ2cgp",5,3
0,445727812160253_1445831392149885,4,6266,photo,445727812160253,2017-04-19T03:00:01+0000,"米蘭除了時尚，其實還聚集了許多非常美味的米其林餐廳，藏身在巷弄裡，
趕快用Visa卡，趁著暑假規劃一趟義大利米其林餐廳的美食之旅吧！
吃完美食，帶著Visa卡到la Rinascente文藝復興百貨消費還享九折優惠",1,3
15,248954465174600_1408017049268330,247,3137,video_inline,248954465174600,2017-05-01T02:00:00+0000,"【SIENTA車主愛分享-第三彈】
這次我們訪問到的是在車主圈小有名氣的 APPLE CHEN ✨
APPLE特別分享到平常在市區中駕駛，SIENTA的靈巧車身與滑門設計在遇到狹小街道時真的很方便，而車內彈性大空間，幫在開店的女朋友載貨剛剛好! 尾門開口低也讓上下貨物方便又省力阿💪🏻~~~~
不只平常使用方便，要和全家人出門時也可以開一台車就解決，SIENTA可以說是符合了APPLE的各種生活情境呢🙌🏻

 👉🏻如果你也是SIENTA車主，也想要有機會參與拍攝，歡迎用粉絲團私訊了解詳情
 👉🏻也歡迎至車主愛分享活動網站上傳您與SIENTA的生活照片，就有機會抽SIENTA周邊商品喔 www.toyota.com.tw/event/sienta_photowall",197,3
0,121431141207349_1832066640143782,4,30,photo,121431141207349,2017-06-26T02:06:59+0000,"【來頂好刷卡💳享折扣】
優惠太多，讓你無所適從?!
來來來，我們都幫你整理好啦~
看到哪天自己的信用卡有優惠，
就趕快手刀衝來頂好吧!!!
#頂好 #Wellcome 
#快把圖片存下來",3,3
2370,270750529766166_727314837443064,834,1697,video_inline,270750529766166,2017-04-06T04:30:00+0000,"探迷們久等了！真相終於水落石出！ 
沒想到，ALL NEW GRAND LANCER居然在他手上…. 
留言並分享影片，就有機會抽中獨家【YOH桑X三菱聯名公仔】(共5組) 
Step1.留言「原來車在他手上！你猜對了嗎」同時Tag 3位好友 
Step2.公開分享本則貼文 
2個步驟都完成，就可參加抽獎喔！ 

活動時間：即日起至4/13；抽獎時間：4/17 
獎品將於5月底到貨，小編收到，就會手刀寄出！ 

#Mitsubishi #中華三菱 #真相大白 #ALLNEWGRANDLANCER人人愛",819,3
0,174567875906128_1664090203620547,0,14,photo,174567875906128,2017-05-12T04:00:00+0000,"【#Epson愛分享】
 　　　　
最可愛的Hello Kitty標籤機融化少女的心！
現在買標籤機就送標籤帶還有精美好禮等你拿
促銷活動還剩幾天千萬別錯過阿～～～
　　　　　
活動期間至5/16止～
*標籤機活動*
1.LW220DK買就送2捲Kitty標籤帶
2. LW500特價2,890再送1捲Kitty標籤帶
*標籤帶活動*
1. 標籤帶二件9折(不含Kitty tape)
2. Kitty Tape 買三送一
3. 禮物達人風格組緞帶量販包限時9折",0,3
1769,224451981016415_1153021268159477,1250,3197,album,224451981016415,2017-03-21T11:00:00+0000,"【快！Tag你的朋友們一起為 MERCEDES AMG PETRONAS 車隊加油！】
只要在3/23(四) 23:59 以前分享並Tag你的朋友們，就有機會抽中Bose 耳機乙個，Tag 的朋友越多，中獎機會越大！還有機會與 龔懷主（羅賓）Robin Kung 在 #MercedesBenzPopUpTaipei 一起看現場轉播，品味美食美酒！時間不多，現在就動手！

【如何獲得？】
1. 分享此篇貼文，並在標題上留下指定文字：「＠____(tag你的好友們) 我想參加3/26 Mercedes-Benz 概念館F1直播派對！」 並將貼文設為公開。
2. 我們將隨機挑選5名粉絲(可攜伴1名)，獲得當天賽事轉播的入場資格。
3. 另凡參與FB分享活動的朋友們，我們將隨機挑選1名粉絲可以將價值13,000元的Bose 耳機帶回家

【活動說明】 
1.活動時間：即日起至3/23(四) 23:59為止，由Mercedes-Benz Taiwan台灣賓士官方粉絲團隨機選出一位幸運粉絲可獲得Bose® QuietComfort® 35無線耳機（售價新台幣 13,000元）一副，另外再選出5位活動參與者（可攜伴1名），可獲得3/26（日）當天的入場資格。 
2.得獎名單將於3/24 (五) 12:00於此篇貼文下方公告並各別通知 。
 🌟Mercedes-Benz Taiwan 台灣賓士保留此活動辦法之修改、變更之權利。",1215,3
0,174567875906128_1657719990924235,0,24,photo,174567875906128,2017-05-09T03:00:00+0000,"【#Epson大力推】
 　　　　　　　
母親節即將來臨，平日辛苦的媽媽們
就讓超可愛的電子紙手錶Smart Canvas來療癒一下吧～
全系列錶款現在感恩優惠現折500哦！
快用可愛的卡通人物，讓媽媽們展開笑顏吧！",0,3
16,245293232158826_1455807441107393,195,200,video_inline,245293232158826,2017-04-20T06:10:41+0000,"今天17:00前，只要答對任一問題，就有機會獲得電影票乙張(共5名)

［問題］LG G6
1. 完美螢幕比是?
2. 螢幕是幾吋?
3. 獨有方形相機模式共有幾種？
4. 前後雙廣角各是幾度?
5. 有哪些顏色?",47,3
81,251538521716188_637528573117179,109,4009,share,251538521716188,2017-03-15T10:00:32+0000,"注意事項：
1. 此優惠價為單程未稅，訂位時出現的售價為加上機場稅之含稅價(3月份機場稅參考金額：台北TWD500、釜山TWD630)
2.每個航班優惠價機位開放銷售之日期及機位數有限，售完為止 。
3.僅適用於台灣虎航航班(IT開頭的航班號碼)
4.此優惠亦適用於台灣虎航手機APP (Android系統用戶使用前請先更新)
5.付款失敗時，為保障持卡人權益，請持卡人逕洽發卡銀行確認付款失敗原因。
6.本優惠恕不適用於嬰兒票。所有預定均不可退款、不可轉讓。虎航保留更改、修改、取消本次促銷的權利，恕不另行通知。
7.更改及各附加服務費說明，請參考 http://www.tigerairtw.com/tw/zh/faqs.php 
*手機版網頁以及APP若因流量過大無法訂位，請改於PC版網頁訂位。",104,3
5,180390341995122_1738577322843075,8,628,album,180390341995122,2017-04-14T13:15:00+0000,"因為越南物價超低，
去旅行的時候
只要用一點點錢就可以體驗做土豪的港覺 👑
快點揪團去享受吧～

河內飯店優惠
峴港飯店優惠
",11,3
2,124203007630468_1431942663523156,27,1131,share,124203007630468,2017-03-16T04:00:01+0000,"【JUKE 英倫跨界跑旅加贈5次免費定保】  
 
什麼？怎麼可以這樣又帥又大方的啦（揉眼睛！）  
 
沒錯，英國原裝進口的跨界跑旅NISSAN JUKE，  
全車系89.9萬元起享有50萬零利率優惠，本月限時再加贈5次免費定保唷！",47,3
1,289990318975_10155907809448976,39,1854,animated_image_share,289990318975,2017-03-22T04:00:00+0000,"

有機會抽中 Porsche 車款磁鐵 一組 (共5名)，更有機會獲得 保時捷 樂高模型 一組 (共1名)! 

得獎名單於4/12(三)在粉絲團公佈

【注意事項】
1. 得獎者需為 Porsche Taiwan 總代理 永業粉絲團的粉絲。 
2. 本活動僅限居住在中華民國台灣地區 (含離島) 之民眾參加。 
3. 一人限中獎一次。
4. 本活動相關細節將視參加狀況調整，以主辦單位最新公告為準，不另行個別通知。 
5. 主辦單位有權修改活動條款。",64,3
1,56247409725_10155321061919726,1,49,album,56247409725,2017-05-01T12:15:00+0000,"⚡馬拉松限定優惠⚡
【五段雙人機能扶手沙發(三色)】母親節好禮 點數10倍
可完全打平成床 具彈性、支撐性高
輕鬆領券直接賺4/30序號: 17marathon-7現折88
🌟馬拉松超級攻略🌟
🔥輕鬆領券直接賺
🔥樂天市場手機APP購物↗點數再加碼3倍！
🔥樂天信用卡超級點數最高6倍送！
🔥指定店家加碼點數最高20倍
🔥跨店購物↗點數加碼最高20倍
4/24-5/2來樂天點數輕鬆賺！！",4,3
63,151713051567596_1529955280410026,86,227,photo,151713051567596,2017-05-26T06:00:00+0000,"或走或爬或扭！還在擔心好動的寶寶活動量不夠嗎？
👶好奇寶寶搬搬樂即將與您見面！ 
體驗室內戶外只要隨時穿上「好奇好動褲」不論怎麼跨、怎麼動、怎麼扭，輕鬆一套就能擁有合身舒服不外漏的貼身呵護！快帶寶寶來參加好奇寶寶搬搬樂來活動筋骨吧！💪💨
  
我們快來看看好動寶寶在哪邊活動筋骨呢！ 
👉活動日期：106/6/3(六)&106/6/4(日)  
👉活動時間：13:30~16:30  (第一組參賽寶寶請於13:00報到)
👉現場活動名額：每場50位！ (活動開始前10天開放現場報名!)

✨記得參加後到我們FB分享活動內分享寶寶與我們活動背板的好動😘可愛合照!!(✨活動另行公布!請密切注意✨)就有機會抽到一整箱「好奇白金級好動褲」帶回家喔！😏
",64,3
1,1025203670852550_1479135995459313,4,96,video_inline,1025203670852550,2017-05-05T10:00:00+0000,"❤Merries專屬好康❤ 答好答滿的妙妙兔搶答時間 活動得獎公佈囉

各位爸比媽咪們，「答好答滿的妙妙兔搶答時間」幸運得獎者如下: 韓真言、Gina Lin、江謦菡、詹秀金、Tinki Yang，妙妙兔會私訊幸運得獎的5位爸比媽咪，請記得在2017/5/7(日) 23:59前回覆妙妙兔的私訊，告訴妙妙兔您的聯絡姓名、電話、寄送地址(含郵遞區號)，妙妙兔將在2017/5/8(一)當週開始依序寄送贈品唷！

沒抽到的爸比媽咪也別傷心，繼續鎖定Merries 妙而舒台灣粉絲頁，每個月都會有最新的活動唷～

#妙而舒 #Merries # Merries專屬好康",1,3
4,199628516771785_1512847278783229,7,750,video_inline,199628516771785,2017-06-23T09:10:38+0000,"
喜歡蜘蛛人的冰友注意啦!!! 只要上傳手持M&M’s任一包裝，並模仿蜘蛛人姿勢，就有機會獲得PS4 Pro+VR、SONY手機、威秀電影票….等大獎 #注意 若持購買M&M’s任一包裝發票登入，中獎機會直接提高三倍喔!!!!
",29,3
0,77322222971_10154584738687972,0,36,album,77322222971,2017-04-01T12:47:17+0000,"【獎品】
4/5我們會從參與者抽出一位幸運得主
可獲得小學生三件組(小書包+USB HUB+鍵盤清潔組)",0,3
1,360450250740751_1254669414652159,11,207,photo,360450250740751,2017-04-10T04:37:00+0000,"【4/8-4/10 米粉節 狂歡不停 🎵 】
由25道工序打磨出的小米圈鐵耳機 Pro，獨特雙動圈＋動鐵三單元發聲，呈現最真實的聲音，藉由音樂講述一個好故事▶ 折扣價 NT$ 665 （原價 NT$ 765)
 
小米官網 mi.com & 台北小米之家 同步狂歡不停 ！
耳機優惠延長時間：至 4月 10日 晚上 10 點
#MFF2017",0,3
4,135000737254_10154056462412255,245,141,video_inline,135000737254,2017-04-28T07:49:45+0000,"【寵愛媽咪❤門市拍照抽4人陶板屋餐券】

即日起~05/14 (日)，母親節帶媽媽來GIORDANO買新衣，我們準備了趣味小道具，讓您體驗不一樣的全家福!活動期間於全台門市合照，將照片此篇處，即有機會抽中4人陶板屋餐券❤媽媽我愛您❤溫馨五月帶全家共享大餐吧!
☺小撇步 │ 合照越歡樂、越有機會受幸運女神眷顧喔!
☺小確幸 │ 5/16(二)將抽出幸運5名得獎者，每人可獲得4人陶板屋餐券，名單將公佈於此則貼文
☺小提醒 │ 即日起全台門市同步享寵愛媽咪會員日優惠，詳情請洽各門市與官網",12,3
4,171212682949216_1385803921490080,6,160,new_album,171212682949216,2017-03-22T10:27:18+0000,"【倩碧繽紛獻禮母親節】開跑囉!! 
全省的倩碧好朋友，最優惠的選購指南大公開~~

- 【經典回饋 & 新品特優】不管是老朋友、新朋友，現在買最划算!!!

- 【首四消費禮】破天荒的好康加碼，天天消費，不限金額加贈!!!

*詳細活動辦法，請見專櫃公告，倩碧保留更改活動辦法之權利",6,3
1,269986596535_10154227127271536,13,1196,share,269986596535,2017-03-17T07:37:30+0000,Nikon #D5600 多種限量鏡頭組合，還送1000元 #全聯禮劵,87,3
1,270750529766166_745661768941704,24,215,photo,270750529766166,2017-05-05T11:30:00+0000,"【分享購車喜悅，GRAND LANCER請你喝星巴克😍】

誰說五月只能想到五月天🎤🎸🥁
買車分享心得小編就派出超人氣星巴克咖啡，
陪你度過小確幸的五月天✌✌✌

即日起至 5月31日止，凡新領牌之GRAND LANCER車主👈
至指定社群網站或論壇發文✍
再轉貼發文網址至本活動貼文✍
就可得到價值「新台幣 200 ～1,000元的星巴克禮卷」喔😲😲😲

牽新車的感動與喜悅，就是要勇敢SHOW出來！
趕快跟朋友分享擁有GRAND LANCER的心得吧😎

🚗參加資格：限定2017年5月底前新領牌之GRAND LANCER車主才可參加，同一車主僅限參加一次，且相關體系內員工不得參加⛔

🚗公告日期：2017年6月2日。

🚗評選方式：三菱小編將依據內容豐富程度 (照片質感、使用心得面向、加分創意橋段)選出100名佳作。

🚗活動獎項：佳作100名可獲得1,000元星巴克禮券；參加獎可獲得200元星巴克禮券。

🚗活動方式：
Step 1. 凡於活動期間至任何公開，且可為三菱官方查證之網路平台(包含FB、IG、Mobile01汽車版、各汽車論壇)發表文章。

Step 2. 發文內容須包含GRAND LANCER入鏡照片，以及50字以上具正面性質之心得。(EX：產品使用心得、購買理由、服務感受等等皆可)

Step 3. 將該篇貼文連結以方式於本貼文下方。

完成上述步驟即可參加抽獎

【注意事項⚠】
1. 中華三菱具有絕對審查之權利，凡參加粉絲經查證任何一項資格不符，得以立即取消其得獎資格，且不得異議。
2. 如遇產品缺貨或不可抗力之事由導致得獎贈品內容變更，主辦單位有權變更得獎贈品，改由等值商品取代之，得獎者不得要求折現或轉換其他商品。
3. 本活動之得獎者可放棄領獎，但皆不可要求退換現金、轉讓或改為其他商品。
4. 參與本活動所提供之個人資料，視為同意三菱粉絲團與專案相關合作為
  抽獎、得獎公告、得獎贈品寄送、所得扣繳及相關行銷活動之用，並同意本活動主辦單位與專案相關合作廠商進行中獎相關聯繫事宜。
5. 主辦單位保留取消終止、修改或暫停本活動之權利，並保有最終釋義權。
  活動若有其他未盡事宜，或有任何保留變更或修改，則依活動網站公告為主，不再另行通知。

#Mitsubishi #中華三菱 #三菱品牌日 #免費喝星巴克咖啡 #GRANDLANCER",27,3
0,333338480975_10154509328705976,0,219,video_inline,333338480975,2017-05-20T04:01:05+0000,"💟💟「520 我愛你」放閃拚創意，逗正抽大獎！💟💟
 愛要大聲說出口﹕「520 我愛你！」❤❤ 相隔兩地的情侶因為距離難以常常訴說衷情；平時也很少跟另一半說我愛你；對於父母也不太會表達愛…，但是愛要及時說出口才行！
現〜在〜，快用最流行的『正方形創意相片』，勇敢將愛傳達給我們所愛的人…🙅 立刻二張『正方形』照片，抽大獎喔！📢

【活動日期】 5/20 起至 6/3 (六) 12:00止。
【活動內容】
只要完成以下步驟，即可獲得中獎資格喔〜✍
(1)    二張『正方形』照片，必須運用創意讓二張照片合併後展現獨特想法
（自己和你所愛的人，不論是夫妻、情侶、父母、小孩、毛孩…都可以唷）
(2) 請於活動區將二張『正方形』相片，並想對他們說的話
(3) 最後本篇活動貼文

【活動獎項】
🔥 人氣獎：照片數最多的第一名
第一名﹕獲得 TS 8070 相片複合機一台 (市價 7,990 元)

📷評選獎：小編將評選出最具創意的照片組合
共兩名，獲得 TS 5070 相片複合機一台 (市價 3,990 元)

🍀 幸運獎：共抽出 10 名，可獲得「威秀電影票 2 張」，一起浪漫看電影！
(不論人氣獎還是幸運獎，均可獲贈免費列印上傳之 2 張正方形照片)
 
💝 印表機促銷活動 💝
凡於 5/20 至 6/30 期間，購買 TS5070、TS8070 相片複合機，申請經審核後即加送威秀電影票 2 張，讓您浪漫看電影！
 ",24,3
16,350438191643697_1486028161418022,32,832,photo,350438191643697,2017-05-23T02:00:00+0000,"【端午限定】官方貼圖買一送一活動開始囉！

㊗活動期間只要購買任一款官方貼圖
即可免費獲得超療癒日系暖心的「貓咪日和來了！」貼圖
前往貼圖小舖>> 

▼活動時間
2017/5/23 09:30~5/31 23:59 (台灣時間)

▼貼圖發送方式
活動貼圖將於6/15 透過「LINE台灣 再LINE一下」官方帳號統一送出，並須於6月22日前完成貼圖下載。

▼活動注意事項
http://lin.ee/5YL4sxg",32,3
22,140574649321224_1545758735469468,22,768,share,140574649321224,2017-06-26T02:00:00+0000,"■UNIQLO SUMMER SALE \ 今日開跑 / 眾多男女童裝最低 33折 起 就是現在！■
快為夏天做準備吧！全家人出遊必備商品都在UNIQLO夏日SALE中！
6/26(一)起，夏日SALE正式開跑！眾多男女童裝最低33折起！超低折扣千萬別錯過",25,3
9,131307770301236_1213674662064536,7,415,share,131307770301236,2017-03-18T03:01:56+0000,"【3/18一日獨享📅開架彩妝77折】
春季彩妝正夯，不快來試試怎麼行！連上週熱銷的Missha編織眼影都補貨、熱門色號通通齊全囉！
小屈今日優惠加碼，眾多開架品牌獨享77折✨購買任一開架氣墊彩妝產品再加贈點數6000點！今日不買更待何時呀～～～",8,3
0,100489613340306_1348820188507236,0,0,video_inline,100489613340306,2017-06-04T09:00:12+0000,"無所不Pay～拿出 #GalaxyS8 冰湖藍出來刷卡瞬間成為目光焦點啊😎
已使用過 #SamsungPay 的粉絲們現在留言【你們最愛在哪邊用Samsung Pay】並標記一名好友，就有機會抽電影票(2名)
帥氣刷卡拿Samsung Pay就對惹➨http://spr.ly/61878YxxD",0,3
0,296096437124051_1387315344668816,2,46,album,296096437124051,2017-04-28T05:00:00+0000,"<美國運通「會員禮遇賞」行動APP>  優惠券─山海樓用餐免費享NT$980荷葉雞腿封一份

山海樓運用台灣原有的風土、物種、飲食的歷史與文化，從中創造出當代的台灣精緻菜餚。
即日起至2017/6/30，憑「會員禮遇賞」App 優惠券並使用台灣美國運通發行之美國運通卡刷卡結帳全額，用餐即享NT$980荷葉雞腿封一份！立即下載享不定期優惠！優惠詳情",1,3
0,177612180793_10154513613435794,3,2427,share,177612180793,2017-04-17T14:00:00+0000,"正因為妳是妳，所以值得被愛❤️對自己感到怡然自得，就是最完美的狀態 :)
ZenBook 3敬自在的妳，讓我們一起愛自己。
🌹春季期間限定：購買ZenBook系列指定機種，就送你『蜷川實花聯名筆電包』！",3,3
0,115361891807579_1479277355416019,2,28,animated_image_share,115361891807579,2017-04-06T03:00:00+0000,"【達美樂網路訂餐送好禮】
你還沒行動嗎？趕快訂購去吧！看看滿額送啥好禮喲~",4,3
2,121431141207349_1815904238426689,24,25,photo,121431141207349,2017-06-15T02:11:54+0000,"🎉🎉🎉 頂好 LINE 官方帳號上線囉 🎉🎉🎉
現在加入頂好 LINE 好友
立馬獲得 ✨ 好康折扣三重送 ✨ 喔
💟 馬上加入拿好康 https://line.me/R/ti/p/%40wellcome
　
👉 好康折扣是哪三重呢？
　 
🎁 第一重　即享 30 元現金購物金
🎁 第二重　滿 300 再送 30 元抵用卷
🎁 第三重　神秘米奇好禮 6/26 揭曉...
(第一重與第二重限量十萬名，快速手刀加好友吧！)
　
👉 除了三重送之外還有什麼福利嗎？
　 
不定期提供好鄰居獨家LINE好友限定優惠
讓你在第一時間收到專屬優惠訊息
任何好康 ⭐ 絕不錯過 ⭐
　
這麼多重好康獻禮，快來跟頂好當朋友吧 ❤
馬上加入拿現金

#頂好 #Wellcome #ㄟ來加個LINE吧",59,3
0,333222276851431_757533301086991,3,137,photo,333222276851431,2017-05-15T03:46:51+0000,"KIA黃金5月優惠大爆發
🎁冠軍休旅特仕版購車最高回饋12萬元
🎁morning「小資專案」22K輕鬆開回家
🎁指定車款最高享有60期0利率
看準優惠、選定好車 找KIA就對了！
更多優惠內容:https://goo.gl/R91fXH",8,3
80,115361891807579_1510794988930922,701,217,photo,115361891807579,2017-05-10T02:30:00+0000,"【母親節！達美樂要送你披薩券哦！】
世上只有媽媽好~愛♥請你要大聲說出來~
媽媽，我愛♥你。I love♥ you mom. 

【活動辦法】
1.在此PO文。才能抽獎哦！
2.在此PO文要給媽媽的話。
3.截止：5/14/23：59止。
4.小編會隨機抽出5名幸運者，可獲得小披薩兌換券1張哦！並於5/17公佈中獎者。",354,3
0,119474188105563_1589586141094353,1,386,share,119474188105563,2017-04-24T07:30:00+0000,"【#小花假期 華航 / 華信最「票」亮！精選航線優惠價】

從前，妳陪我長大；今後，我陪妳看世界！✈

寵愛全年辛苦的媽咪，華航華信精選航線「慰勞價」讓你輕鬆帶媽媽出遊趣！💕

🔎香港 NT$ 3,850 起 ( 未稅 )、首爾 NT$ 6,600 起 ( 未稅 )、曼谷 NT$ 7,000 起 ( 未稅 )、東京 NT$ 8,300 起 ( 未稅 )、布里斯本 NT$ 15,600 起 ( 未稅 )、羅馬 NT$ 25,000 起 ( 未稅 ) 等 20 多條熱門航線優惠中🎉
",4,3
2,143932432305117_1491070994257914,13,447,photo,143932432305117,2017-04-07T00:49:29+0000,"【7-11 LINE好友獨享限時優惠】
📣只有３天！#小美鑽石冰 限時【買一送一】！ 
(106/ 4/7～4/9　#情人果檸檬口味)

感謝剛推出的 小美鑽石冰，已經累積了死忠粉絲囉😘，趕緊把握限時最強優惠！一同與好友家人分享品嚐酸甜交響的炫涼樂趣吧！",15,3
0,135000737254_10154056714372255,0,23,multi_share,135000737254,2017-04-30T05:30:00+0000,"春夏印花Tee #2件398元起🌴
這麼優惠的價格，同款包色都不是問題！
#官網滿千抵百優惠中 #官網購物免運",0,3
0,131307770301236_1276663812432287,2,154,share,131307770301236,2017-05-21T01:00:00+0000,"【健康保健品限定🍀小屈網路商城全面88折】
一日限定超好康
保健食品貴鬆鬆，還是省下來好了？
NO！小屈不准你虧待自己的健康！
今天(5/21)健康保健品全部88折，該補充的維他命、B群通通買來備貨也不心疼唷！

♡貼心提醒有除外條款喔♡",1,3
0,1492820824263801_1874372832775263,0,29,photo,1492820824263801,2017-05-19T12:00:00+0000,"【Tide汰好康！全聯好康促銷ING📣📣】
每到假日堆積如山的髒衣物好煩惱！👕👕
放心交給✨汰漬2倍超濃縮洗衣精✨就萬事搞定！
濃縮配方，小小用量，輕鬆讓頑強汙垢OUT~

即日起至6/1前，全聯限時優惠只要$289！
最優惠的限時折扣，不搶可惜~快來全聯搶購！",0,3
0,143653685699398_1521065954624824,2,57,photo,143653685699398,2017-06-19T13:00:00+0000,"【夏日暢飲】
聽說本周三天氣會變熱，你~準備好了嗎?
6/21-6/30至活動門市購買飲品，可享第二杯半價喔。
 
熱熱的天，就是要一起喝杯冰咖啡，提神又解熱。
 
#活動辦法與門市請見官網公告
#聽說會來到三十幾度不知道是真的嗎
 
官網連結 https://goo.gl/NwgvzV",4,3
0,124203007630468_1546454292071992,5,110,photo,124203007630468,2017-06-23T12:00:00+0000,"【#手機限定 NISSAN好禮回饋日！限量好禮送給你】


答題還有機會獲得NISSAN限量3C置物硬殼包(共10個)喔！

★參加辦法
#本活動限用手機參加 
1.點選連結加入NISSAN LINE官方帳號

★本活動6/30 8:00PM 截止 
得獎名單7/14 4:00PM 公佈於NISSAN官網

#NISSAN #好禮獎不完
#需先加入NISSAN_LINE官方帳號唷",5,3
0,1492820824263801_1842679772611236,0,34,photo,1492820824263801,2017-03-17T04:00:00+0000,"【🔔Tide汰好康！全聯限時特惠$209】
小週末要做什麼好呢？
除了放鬆、吃點好料，還要到全聯搶好康！

汰漬好評再回饋！即日起至4/6，
到全聯買 ✨ 汰漬超濃縮三效洗衣膠囊 ✨ 小包裝(14入)
只要$209！！速速搶購～

▲看更多汰漬 👉 https://www.livingartist.com.tw/tag/Tide",1,3
1028,263705449348_10155470632414349,502,663,share,263705449348,2017-04-25T13:00:06+0000,"📣 📣 快來見證每天現做、精心烘烤的鬆厚餅皮比薩~  👀 

現在不但有得看還能動手玩！快揪你的麻吉、同事、隔壁老王、樓上鄰居、樓下房東……還有那個誰誰誰都一起來~拼出史上最澎派的大比薩吧！
不囉嗦！現在就來拼☛https://goo.gl/eALN7M

不要說小必沒有跟你說~拼出最大比薩就有機會免費去日本✈，還有超美味大比薩免費送你吃唷！💋💋💋

✔ 同場加映：5/15 23:59前 “@____@___快來和我拼出史上最大比薩，再一起去日本玩！” 即有機會獲得免費大比薩券！
✔ 美味等不及就立即訂購去→https://goo.gl/eOh8UE",483,3
1,327434517420177_800047270158897,4,39,photo,327434517420177,2017-05-12T12:00:00+0000,"🌺得獎名單公佈 X母親節""愛""的宣言🌸
看到大家用心寫下對媽媽的告白宣言，小編都覺得好感動～💦💦
這個週末就是母親節囉！不如趁著假日帶媽媽去享受一下、陪伴媽媽話家常，這樣平凡的幸福，或許就是送給媽媽最好的禮物呦～！

>>>>恭喜以下的中獎的朋友們
◤ 本次精美好禮：
・威秀影城電影票2張 / (4名)
許湘凌 、 Landy Chiu 、黃千千 、 凌振洋

・Crocodile質感湖水藍後背包１款 / (1名)
吳瑟雅

請幸運得獎粉絲於【2017/5/19】前私訊提供以下資料，讓小編盡快為您確認獎品和寄送喔！
①活動名稱、得獎獎項
②FB名稱
③真實姓名
④手機
⑤E-mail
⑥地址(含郵遞區號)
-------------------
－以上資料僅用於此活動贈品寄送使用
－若未於 5/19(五) 前回覆上述資料，視同放棄領獎
－如贈品寄出後，因提供地址錯誤導致退回，將不再補寄－活動贈品寄送僅限台澎金馬蘭嶼綠島
原始活動貼文請參見：https://goo.gl/7IlyWm",1,3
2,1108914559139181_1563026247061341,3,82,photo,1108914559139181,2017-05-11T06:00:00+0000,"【5月額外優惠】
666666!!!!優惠再優惠~♥
現在註冊加入會員後再參加小遊戲，可另外再領取優惠券喲!!
活動辦法：1. 用手機                   2. 遊戲後朋友圈即可獲得TWD150優惠券
活動期間：2017.05.11 ~ 2017.5.29

🤗立馬手刀加入會員
💻桌機：https://goo.gl/NMVYWg
📱手機：https://goo.gl/WYdhn4：",3,3
2235,1025203670852550_1460405370665709,1506,1361,photo,1025203670852550,2017-04-21T12:16:15+0000,"❤Merries專屬好康❤答好答滿的妙妙兔搶答時間

相信爸比媽咪們對妙而舒的產品應該都很了解(眨眼)，今天就要來考考大家，最適合成長期寶寶的妙而舒頂級舒爽，哪些特點最適合好動寶寶呢？ 

★妙問妙答的贈獎方法：
【活動時間】即日起至2017/4/28 (六) 23:59止
【活動辦法】
【得獎公布】2017/5/5(五) 18:00公布於妙而舒粉絲團 
【活動獎品】妙妙兔水壺，共抽出5位得獎者

【領獎方式】妙妙兔將會私訊得獎的粉絲，並請收到私訊通知的妙媽咪們，在2017/5/7(日) 23:59前，回覆姓名、電話、地址，妙妙兔收到確認無誤後，將在2017/5/8當週開始依序寄送贈品。
【注意事項】超過2017/5/7(日) 23:59 前未回覆私訊的粉絲，視同放棄得獎資格。

#Merries #妙而舒 #Merries專屬好康",669,3
1651,180080052032125_1521262044580579,583,653,animated_image_share,180080052032125,2017-02-13T00:30:04+0000,"
😘感情越來越好密技！《傳情抽禮卷》⭐️

🎉光泉木瓜牛乳使用""台灣在地木瓜""，香香濃濃的滋味就像情人間的濃情蜜意~~2/14和木瓜牛奶談戀愛！💑給你初戀好滋味！隨瓶附贈”情人節限定吸鐵”～傳遞你心中的肉～麻～話～讓你不再愛在心裡口難開～(ﾉ◕ヮ◕)ﾉ*:･ﾟ✧

【活動方式】將“本活動”~ 2017/2/19 (Sun.) 23:59以前，在”活動貼文”

｛抽｝萊爾富禮券300元x 3名幸運兒～就是你。
❸. 活動任務截止至2017/2/19 (Sun.) 23:59 ❹. 活動中獎公告將於2017/2/22 (三)公佈，中獎者請於名單公布後指定時間內『私訊回覆中獎資料』，逾期回覆中獎資料者視同放棄中獎資格。 ❺. 凡居住在台、澎、金、馬，且擁有中華民國身分證者均可參加。 ❻. 依財政部規定，中獎金額超過NT$1,000元，依法需繳交身分證影本；中獎金額超過NT＄20,001元，依法須繳交10% 機會中獎稅及身分證影本。 ❼. 參加者於參加本活動之同時，及同意接受本活動之所有規範，並且中獎後即同意主辦單位公佈FB ID名稱於粉絲團。 ❽. 參加活動其上傳之照片必須為『原創』，禁止抄襲、複製他人作品，凡涉有侵害他人之著作權、涉及色情、暴力等，主辦單位有權刪除，並取消參加本活動資格，一切法律責任由上傳者自行負責；所有參賽照片均屬於光泉牧場股份有限公司。每個Facebook帳號限中獎一次，重覆得獎者將取消其中獎資格。",567,3
2,127607240588402_1725137930835317,8,339,share,127607240588402,2017-04-29T02:13:42+0000,"【Häagen-Dazs純愛音樂盒  雙球買1送1 活動倒數！】
5/14前參加活動，打造「純愛音樂盒」獻給媽媽，即享雙球買1送1優惠！
不同古典樂曲客製出專屬音樂盒，隨著完美女人蛋糕在音樂盒上悠揚旋轉，
也將最純粹的心意，獻給最愛的媽媽！
活動倒數囉！立即參加，享雙球買1送1",30,3
0,371092546398376_787887808052179,0,10,share,371092546398376,2017-05-24T10:30:27+0000,"🎁把握大獎  小編報報🎤🎤
👉超多獎項等你拿
--------------------------------------------------------------
今天輪到壓軸頭獎介紹啦~~🌸🌸

位在美麗台東的〈換日線Life Villa民宿〉
民宿整體腹地有2675坪，獨棟建築裡有一客廳、一廚房、一餐廳 、二間臥房，最多可以入住到八人，有一望無際的草原跟空間與毛寶貝相處💕

在這裡，你可以選擇自己的度假方式，
來一趟自然之旅，或是與毛寶貝、三五好友開個小派對，
做自己的主人~~

現在只要到全聯購買 #貓倍麗系列 任一產品，就有機會獲得
🎁換日線民宿三天兩夜住宿體驗卷🎁！
--------------------------------------------------------------
活動至5/31截止唷~~~~
再不去買小編要去把貓倍麗搶光了呀",0,3
0,251538521716188_659832990886737,7,314,photo,251538521716188,2017-04-28T13:30:00+0000,"【🛫台灣虎航-聰明旅行計畫🛫】
4月26日得獎公告！
恭喜徐瑞隆獲得〔函館〕免費來回機票乙套！

 📌領獎注意事項：得獎確認信已寄送至您填寫之聯絡信箱，請在收到信後一周回覆得獎資料，如逾期則取消中獎資格！",1,3
6,277838997160_10154477698092161,16,715,photo,277838997160,2017-06-27T04:10:00+0000,"👍👍👍優惠強力放送中!!!
85度C首度推出冰沙全品項的優惠耶~
艷夏冰沙祭來囉~~~😍😍😍
全部冰沙7/1起~7/31止
同品項第二杯只要半價🍧🍧🍧
整個月陪你一起FUN暑假!!!
快點摩拳擦掌，準備衝一夏!!
相揪來85度C喝一杯🥂

#85度C
#艷夏冰沙祭
#第二杯半價
#分享",84,3
0,182373771797518_1501841703184045,1,2,share,182373771797518,2017-04-17T11:30:00+0000,"#雙料輕鬆點 #1加1只要599
一道主餐搭配一道開胃菜/甜點，兩道只要5⃣9⃣9⃣元！
多樣超值組合，可以自由搭配TGI FRIDAYS Taiwan經典菜色
快點揪團來一起享受優惠 😍😋👌

㊙ 優惠時間：週一 ~ 週四全天候供應！
🍝 #雙料輕鬆點優惠",0,3
1,259676855661_10154702120355662,3,75,photo,259676855661,2017-06-16T10:00:00+0000,"夏天到了，就是要吃咖哩啦 \\^o^//
超人氣的摩斯日式咖哩，特別推出買三送一的優惠只要210元喔!
想搶好康的癮迷們，手腳一定要快喔 \\(^o^)//

品嚐美味爽口的摩斯日式咖哩
彷彿炎夏時吹來的涼風
讓身心徹底舒暢~~""",7,3
17,277838997160_10154191904027161,27,2603,photo,277838997160,2017-03-18T02:00:01+0000,"入夏的茶癮就是一顆黃金檸檬所屬惹，
趕快揪伴來買～即日起第二杯半價！
（原價55元/杯，售完為止）
",128,3
0,150260960605_10155830010650606,0,58,photo,150260960605,2017-04-17T03:51:47+0000,"【小黑瓶組合 中獎名單🎉】
恭喜以下幸運粉絲，可以獲得No1.肌因修護組*1
🔷 張維訓 🔷

【LANCÔME 愈活愈年輕 X 陶晶瑩 中獎名單🎉】
恭喜以下幸運粉絲，可以獲得肌因賦活露50ML*1
🔷 Peggy Liu 🔷 
🔷 Shu-Ching Lin 🔷
🔷 Chivas Huang 🔷

【分享幸福 中獎名單🎉】
恭喜以下幸運粉絲，可以獲得幸福特惠組*1
🔷 MeiHsueh ChenPeggy 🔷 
🔷 汪彩蓮 🔷
🔷 賴雪莉 🔷

恭喜以上得獎者！記得私訊小編，請用此則PO文中您得獎的活動標題回覆，並留下您的聯絡資訊以利獎品寄送～ 
【活動注意事項】 
1. 本活動獎項將由快遞寄送，地區僅限台、澎、金、馬地區。海外地區恕無法配送。 
2. 蘭蔻保留擴大、修改、取消、終止該活動以及更改活動截止日期的權利，無需作出解釋或通知。 
3. 若得獎者因自身原因(如：郵寄資料錯誤或不完整)而未能成功收到獎品，主辦單位不會補發通知及所得獎品。 
4. 參加者自願所提供的資料(包括姓名、地址、電話、Email)只為此次活動所用，並非商業用途，資料亦會保密。 
5. 贈品以實物為準，且不得要求折換現金、兌換其他商品或優惠，台灣蘭蔻保留更換等值贈品之權利與調整本活動規則之權利；如遇活動辦法修改，將於本頁面公告不另做通知。",1,3
0,100860886668027_1371534689600634,0,30,photo,100860886668027,2017-06-23T07:24:04+0000,"即日起，台北喜來登推出【雪焰食藝】鹽燒雙人套餐饗宴
取自大自然中的深層海鹽，隨爐火升溫，燃起一場兼具視覺與味覺的雪白盛宴，精選美國特級肋眼牛排及紐西蘭羊排，透過鹽燒方式封存頂級肉品的鮮嫩多汁，完美演繹經典法式風味！
詳情及預約請洽02 2321 1818訂席中",0,2
0,366439094270_10155376081089271,1,437,share,366439094270,2017-03-23T08:42:00+0000,"Lenovo X DataCore 兩大頂尖企業攜手合作👍

全新Lenovo DX8200D，結合DataCore平行運算技術軟體，儲存管理和修復任務的時間預估減少90%、精省儲存支出75%、有效提升企業10倍工作效能！

有了Lenovo，企業儲存更輕鬆簡化！

👉了解更多 >> http://lnv.gy/2mveD2p   
#LenovoServer",1,2
5,223623887656120_1496125077072655,19,625,video_inline,223623887656120,2017-04-01T04:00:00+0000,"#立即搜尋AUKER
#現在購車還有機會去參觀德國Audi原廠
想要Audi成為你的專屬司機嗎？
即日起，Audi推出全新APP “AUKER”
無論是小巧可愛的Audi A1，還是男人的夢想Audi R8
只要預約就有機會成為你的專屬座駕！",11,2
3,286146600001_10158755554475002,6,103,video_inline,286146600001,2017-05-15T04:45:33+0000,"【扭轉】
Xbox One科幻動作遊戲《機甲狂潮》，即將於5月16日推出。
結合高動態機甲戰鬥要素及獨特角色成長系統，在地球生命即將耗盡之時，尋求人類生存的最後之道。
立即預購：http://bit.ly/2qlk0js
#XboxOne #TheSurge #科幻版黑魂",7,2
2,277838997160_10154301440592161,6,390,photo,277838997160,2017-04-20T11:00:00+0000,"五月第二個星期天就是母親節囉😊
有沒有準備好禮物送給親愛的媽媽🎁🎁

三麗鷗官方授權 X 85ºC冠軍師傅研發團隊😍
Hello Kitty 系列蛋糕4/24 全面限量上市

媽媽，母親節快樂🤗🤗🤗
媽媽，謝謝您！😘😘😘

訂購詳情歡迎洽詢全台門市
還有母親節主題款蛋糕熱烈預購中👍

#平價奢華
#SweetenYourLife
#創造甜蜜的幸福滋味
詳細活動內容說明：www.85cafe.com",46,2
2,778841768809878_1696070283753684,21,753,share,778841768809878,2017-05-15T12:00:00+0000,"⚠專業賽車手、越野玩家，請忽略此篇文章
如果你正在找小型都會用車、代步小車、造型帥氣可愛的潮車，那一定要好好認識SUZUKI全新世代戰略小車——ALL NEW IGNIS！

#SUZUKI #WayOfLife #IGNIS",45,2
0,144908898861624_1526691337350033,1,109,album,144908898861624,2017-05-16T05:57:23+0000,"就是今天!

佳麗寶LUNASOL
2017 夏限定彩妝上市！

大自然「砂岩」色澤 迷人健康色當道
沐浴熱情艷陽下的優雅從容

受夠了粉嫩色系的妝容嗎？LUNASOL 2017夏限定彩妝教大家如何甜美中帶點帥氣，優雅不失氣勢！夏天首先最能連想到的就是豔陽，與其討厭流汗的大熱天，不如享受這大自然的活力能源，能夠沐浴在陽光下，比起寒冬的下雨天還要幸福的多了！

晶巧光燦眼盒(燦夏) 限定2款
晶巧柔薰眼線液 限定2色
晶巧燦夏修容餅 限定1款
晶巧水潤唇蜜 限定2色
晶巧亮采美顏膏 限定5色
晶巧指甲油N 限定3色",7,2
0,144966305545387_1441043165937688,1,92,video_inline,144966305545387,2017-04-14T03:29:35+0000,"SKIN 超薄系列超美的，甜美邵雨薇配戴，真是太Match啦 !

#Swatch #SKIN #YOURMOVE",0,2
6,360450250740751_1270097109776056,103,829,photo,360450250740751,2017-04-24T04:07:00+0000,"運動時也要精采出色！
小米手環 2多彩腕帶，全新親膚材質透氣防汗，綠色和黑色，你喜歡哪一色？
👍🏻 經典”黑“大方
❤️ 春天清新“綠” 

＃小米手環2多彩腕帶豐富你的運動生活 🏃🏻 🏃🏻 🏃🏻bit.ly/2otjhuI",11,2
0,150260960605_10155904941940606,0,127,album,150260960605,2017-05-12T10:06:58+0000,"TGIF!快樂的週末模式即將開啟,雙唇也要來場色彩冒險~💄
全新果漾特調氣墊光霧唇露],迷人的光霧色調,無敵顯色,如刺青般持久,七色上市,混搭玩創意,百變風格由你定義!👄

更多精采玩色：http://goo.gl/ihzKoV

#Lancome #matteshaker #bantheboring #光霧唇露",5,2
1,312562738827552_1296589047091578,8,620,photo,312562738827552,2017-04-12T07:13:36+0000,"如果西裝是紳士的盔甲，
那手錶就是紳士的勳章！

小牛皮錶帶與金色錶框的質感搭配，
與三眼錶盤的配置，好品味讓人注目。
全新光動能三眼款《 AT2362-02A 》： https://goo.gl/7Y3MfP",27,2
0,254012657963290_1552982994732910,0,0,multi_share,254012657963290,2017-06-02T09:24:31+0000,"【全新13色 奢華緞面唇釉系列】
雙唇充滿性感噴張的魅力，用紅唇完美詮釋性感搖滾態度。
了解更多: https://goo.gl/CrmU3z
#mylipvibes #ysllip #yslbeautetw",0,2
0,116597425020412_1603988952947911,5,557,photo,116597425020412,2017-03-15T10:24:28+0000,"#全新一季 #極致防水裝備 #同步全球上市
最強防水OutDRY與OMNI-TECH裝備現貨抵台
梅雨季？Columbia極致防水讓你「沒！有！雨！季！」
",12,2
6,270750529766166_748139782027236,44,3361,video_inline,270750529766166,2017-05-09T11:34:51+0000,"【經典車款—真・性・格】
ALL NEW GRAND LANCER的經典不敗工藝
恰如其分的扮演著型格又不失跑格的國產中型房車
那分Sporty以上、Racing未滿的酷勁與格調，讓陽岱鋼也為之動容。",0,2
0,1486286001666256_1666454346982753,0,46,photo,1486286001666256,2017-03-25T04:55:22+0000,"【2017 浪琴表巴塞爾錶展】正式引爆~~

鐘壇盛事 -2017瑞士巴塞爾錶展正式開展囉~~
今年適逢Longines浪琴表185週年紀念，
Longines浪琴表ㄧ口氣推出8款系列新品😱
巔峰創新技術、經典系列續作、新品復刻錶款，
款款新作皆皆精彩出眾、魅力無窮。",1,2
1,1589628787966129_1850858321843173,4,449,photo,1589628787966129,2017-05-12T12:30:03+0000,最搶眼的黑白純色主流，風靡九零年代的經典復刻鞋款 PUMA MOSTRO，成功帶起 2017 首波黑白極簡運動時尚浪潮。,6,2
0,286146600001_10158530257190002,18,142,photo,286146600001,2017-04-02T05:21:31+0000,"【進化】
Xbox One春季更新全面推送中。
更加快速方便，為你而生的操作介面全新登場！",3,2
127,152341009257_10155286551279258,153,6173,photo,152341009257,2017-04-04T11:00:00+0000,"【FamilyMart Collection✨新食感米漿😋】
不同於以往的兩種全新米漿💕
嚴選百分之百台灣在地好食材💯 
夯番薯地瓜🍠＆台灣在地紫米
無添加人工調味、令人安心的美味～
❣地瓜米漿➰喝得到的夯番薯，滿滿飽足感
❣紫米米漿➰養生聖品紫米，營養又健康
哇~~只要一瓶就能喝到滿滿的大、享、受👍
3/29-4/25還有新品嚐鮮價28元噢~",213,2
0,189155207824587_1455715194501909,0,83,video_share_youtube,189155207824587,2017-03-29T10:30:00+0000,"榮耀典範 | 聯手再現
Pioneer DJ【 TORAIZ-AS1 】單發音類比合成器
現正販售中>>https://goo.gl/N93283

PioneerDJ x 教父Dave Smith二度攜手
話題新作，震撼問世 !
再次移植經典合成器Prophet-6
專為音樂製作及現場表演而生 
痛快演繹，靈活駕馭 !

為了讓玩家即刻體驗
Pioneer DJ更釋出21首豐富的Mix Sound
讓演出更豐富精彩，不忘即刻品酩 !
Demo音效搶先聽>> https://goo.gl/K5to0L

▶ Prophet-6 合成器中的聲音引擎
▶ 「可完全編程」495組預設音色/用戶自設和快速音色
▶強大的模擬音訊+直觀的功能控制 = 獨一無二的個性化音效
▶內建7個能輕鬆操控的效果音源，還有來自Prophet-6的數位失真效果。
▶在表演時透過觸控的鍵盤和Slider操縱混音
▶輕鬆連接到 PC/Mac 或外部 MIDI 設備

將澎派的混音熱情，注入全新可能性 !

#PioneerLife #PioneerDJLife #再創經典
#TORAIZ #AS1 #單發音類比合成器 #震撼問世",2,2
2816,263705449348_10155351687559349,1631,4515,video_inline,263705449348,2017-03-21T12:21:50+0000,"MY HOT Box個人餐獨享風味再進化，「必勝客黃金起司餃」金光乍現新上市！！
酥脆外皮搭配豐富內餡，香濃起司口口濃郁滿分
海鮮＆牛肉兩種口味等你來嚐鮮～～",1552,2
2,513876371989807_1475385852505516,11,458,share,513876371989807,2017-05-04T13:00:00+0000,"【網友熱推！UrCosme排行洗護雙冠王！】 
本季最生火！海倫仙度絲全新<致美洗護系列>，上市不到10天就空降UrCosme排行榜冠軍！
日本奢華摩洛哥堅果乳給你健康頭皮到潤澤秀髮的雙效極致呵護！
#頭皮秀髮的奢華SPA #摩洛哥堅果乳的滋養奇蹟 #日本1分鐘頭皮秀髮SPA術 #我的頭皮養護專家",11,2
0,183235385026651_1687398364610338,1,138,photo,183235385026651,2017-05-13T07:36:39+0000,"有著別緻的金色環是今年最火紅的包款之一！想造型優雅中有點型格，揹上它就對了！

✔️春夏新品 999up",2,2
0,277838997160_10154322788187161,0,230,photo,277838997160,2017-04-28T08:00:00+0000,"呆萌的蛋黃哥就在85ºC 😍 

清爽檸檬蛋糕🍋
濃郁法式蛋黃奶油霜🐣
還有一隻可以吃的巧克力蛋黃哥🍰

清新的口味簡直快要飛！上！天！🚀🚀🚀

5/17起 全台門店限量上市🤤
大家一起放空吧😋😋😋",9,2
0,428068243899019_1432320516807115,6,46,animated_image_share,428068243899019,2017-05-10T05:00:00+0000,"【立頓萃香奶綠新上市啦】

還在尋找清涼的夏日飲品嗎？
李清照都說了：「尋尋覓覓，清清涼涼，喝喝奶茶喝喝，乍熱還悶時候，只要22。」以高溫萃取優質綠茶，加入剛剛好的牛奶比例，讓茶香更有感！還不快來嚐鮮一下，22元給你滿滿的齒頰留香～！😬👏👏",6,2
0,1506514762998978_1773736299610155,0,34,video_inline,1506514762998978,2017-03-20T04:00:00+0000,"【一匙靈Attack抗菌EX除菌去漬液】全新上市
與洗衣劑一同搭配使用，也可直接塗抹於髒污處，
污漬不需事前刷洗，即能深層去除造成異味的污漬與細菌，
輕鬆解決妳的煩惱，並帶給全家人健康潔淨的舒適感受！

去漬新標準：不僅強力去漬，還能除菌除臭~
快來一起親身體驗！",3,2
0,156711121097246_1007649099336773,0,22,animated_image_share,156711121097246,2017-03-03T14:35:16+0000,"別讓壞口氣變成人際關係殺手!! 
KO壞口氣，就交給新上市 #高露潔全效口氣健康專家 
創新配方含 #口氣抑制科技，有效對抗壞口氣根源-厭氧菌 
立即中和異味，長效清新24小時* 
更多詳細產品資訊

周末就來賣場，現場體驗高露潔全效的產品魅力!",4,2
3,778841768809878_1688986051128774,23,935,share,778841768809878,2017-05-10T12:41:14+0000,"【ALL NEW VITARA 魅力新色 限量發售】

自上市即在全球閃電銷售25萬輛的ALL NEW VITARA，慶祝在台上市週年，特別從日本引進2款全新2 TONE車色！

米/黑：內斂高雅，強悍之中多了份優雅大器
橘/白：搶眼活力，更加展現視覺上的躍動感

邀您即刻入主 機會稍縱即逝
VITARA限量雙色橫跨3個等級，全台僅有300台配額，5月12日起開放受訂！歡迎至全台各經銷據點賞車！",36,2
9,401859190490_10154973854640491,51,90,album,401859190490,2017-03-31T06:00:00+0000,"【💓防禦隔離 無懼空汙💓】

都會女性日積月累的工作壓力，加上暴露於紫外線環境污染中，肌膚自我防禦力降低，新陳代續趨緩，讓肌膚易鬆弛老化😖

The Body Shop 全新推出新品抗空汙系列產品，幫助都會女性肌膚， 淨化更新，青春澎潤，防禦隔離 ，無懼空汙，呵護您的肌膚💕",15,2
0,1150749768293001_1507013435999964,0,8,multi_share_no_end_card,1150749768293001,2017-05-18T04:00:00+0000,"【家樂福 5/18搶先上市】
日本原裝進口的Bold香氛柔軟洗衣精
能長效💙持香💙柔軟💙除臭
添加柔軟精成份讓衣物柔軟蓬鬆，還能有效去除衣物上的汗味及異味！
讓您穿著時持續散發出清新香氣🌺🌼🌸

心動不如趕快行動吧🏃
#ARIEL #50倍抗菌 #日本原裝進口 #Bold香氛柔軟洗衣精",0,2
0,167943236729_10155180760841730,0,116,photo,167943236729,2017-04-11T02:47:19+0000,"Giorgio Armani 【2017春夏時裝秀聯名彩妝系列】限量上市
春夏最新限量彩妝，時尚焦點宛若天生

4/13(四) 新光三越信義新天地 A8首賣
4/24(一) 全台Giorgio Armani專櫃上市",6,2
0,259676855661_10154651361490662,0,96,photo,259676855661,2017-05-27T04:00:00+0000,"🍹初夏消暑計畫🍹
來MOS點一杯清涼一下吧~
新上市的紅柚/鳳梨檸檬蘆薈冰茶，
以及紅柚/鳳梨氣泡飲，
酸酸甜甜好滋味，",2,2
0,758362110876541_1384365458276200,0,17,photo,758362110876541,2017-04-10T02:29:18+0000,"❗被 日本藥妝失心瘋俱樂部 發現這個即將在台販售的夢幻新品！
這是之前與大家介紹過的Platius極上泡沫亮白牙膏的全新包裝喔，日本與迪士尼合作，將包裝改成超夢幻的公主系列💃
小編已經拿到實品了，外盒與牙膏本體都好美，尤其是牙膏本體是超有質感的金屬光澤，小編跟同事們每個人看到眼睛都發亮了💖
隨時所以訂獅王官方粉絲團，有第一消息小編會立刻告訴大家唷🔊

#迪士尼公主系列
#夢幻牙膏
#泡沫牙膏
#日本原裝進口",0,2
1,522623651112699_1518676018174119,3,86,photo,522623651112699,2017-05-19T07:00:24+0000,"【初夏の精釀首選】GRAND KIRIN精釀啤酒-飛機雲與我
獨特的柑橘果皮香氣，最適合搭配口味清爽的冷盤或帶點酸甜的料理。看似平凡卻絕不簡單的組合，為你揭開夏天的序幕。",4,2
3,312562738827552_1390312361052579,9,368,video_inline,312562738827552,2017-06-21T07:00:00+0000,"【CITIZEN 全新自由變裝潛水錶】

不在海裡的時候想拆掉橡皮錶帶的束縛嗎？
全新可拆換錶帶的 CITIZEN 光動能潛水錶
輕鬆更換錶帶，造型由你選擇
讓你在都市人海裡，也能自在的當城市冒險者！

限量上市｜光動能時尚潛水錶《 AW1531-89E 》：",15,2
0,122656381098232_1481424601888063,0,411,photo,122656381098232,2017-04-23T04:00:00+0000,"Reebok Print Run 系列
雙密度避震大底，給予全面性回饋動能
全黑編織鞋面更加輕量透氣，讓你暢跑城市，享受奔馳速度！

鞋款資訊",3,2
0,188151501215824_1582973678400259,2,98,share,188151501215824,2017-06-24T04:00:00+0000,"超人氣超級粉底！新色駕到！全16色讓妳選到絕配！
不管妳是白雪肌～還是新曬的古銅肌！持久美肌就靠它！
心動速體驗",0,2
0,350438191643697_1492292057458299,2,229,photo,350438191643697,2017-05-23T04:24:21+0000,"【LINE 貼圖小舖】新上架✨

<鬧一波大師有聲動態貼圖！>
全體動起來～還有超鬧聲音讓你刷留言一波！
👉http://line.me/S/sticker/8599

<白吉有話說2>
喵喵🐱白吉親自錄音！聲動表情萌倒你的親朋好友🐾
👉 http://line.me/S/sticker/8632

<白爛小賀-動的超級狂>
白爛小賀無極限～沒有最白爛，只有更白爛！
👉 http://line.me/S/sticker/8631

<慵懶可愛♪ 史努比（職場篇）>
超實用職場必備用語～史努比上班囉！
👉 http://line.me/S/sticker/8633

【LINE 主題小舖】新上架✨
<小熊維尼（微風篇）>",4,2
0,211290688970664_943281802438212,1,23,photo,211290688970664,2017-01-24T07:48:36+0000,"咚得隆咚鏘～咚得隆咚鏘。👏🎉🎉🎉🎉🎉
今年特別推出【青島啤酒節慶罐】要跟您迎新過好年喔。

即日起至全家、OK、萊爾富、家樂福、愛買、大潤發限量販售!
不管是過年聚餐還是年節送禮，都非常合適喔。",3,2
0,164709646910260_1350691254978754,13,1402,video_inline,164709646910260,2017-05-25T04:07:00+0000,"HTC U11 壓一下，單手掌握無限可能
側框感應　讓你在挑戰極限時，也能輕鬆的自拍！

立即預購",13,2
0,575320992530108_1427474800648052,0,30,photo,575320992530108,2017-05-10T11:45:39+0000,"TIMEX- 一款好的手錶, 可以讓看時間都變得很有品味, 天美時Fairfield三眼系列

型號:",6,2
3,224451981016415_1145870352207902,44,6961,album,224451981016415,2017-03-13T10:30:00+0000,"全新 Mercedes-Benz S 350 d 運動版，採用AMG Line 跑車化套件，霸氣的前保桿與雙排氣鍍鉻尾管，讓外型更顯性能氣勢，內裝搭配nappa真皮三幅跑車方向盤，成為質感與運動風格的完美融合。標配Intelligent Drive智慧駕駛輔助，讓你在優雅奢華與高性能並驅的駕馭樂趣中，品嘗成功。

了解更多: http://mb4.me/S350d",62,2
1317,128163407194193_1510194832324370,1049,4950,photo,128163407194193,2017-04-24T09:30:23+0000,"【 YEEZY BOOST 350 V2 Cream White上市預告 】

YEEZY BOOST 350 V2 Cream White 成人款 & 幼童款，即將正式在台上市。

成人款販售資訊：4月25日 <星期二> 將公告於此粉絲專頁
幼童款販售資訊：4月27日 <星期四> 將公告於此粉絲專頁",254,2
0,343229715569_10158575605245570,0,36,video_inline,343229715569,2017-05-12T14:00:00+0000,"😍稀疏禿睫救星！週年慶限定版必囤🤜🤛
超人氣熱銷的睫毛修護液👑
👉變裝成火紅可愛的Hello Kitty💃
持續使用2週✌下睫毛明顯變濃密
🈶了它再也不必擔心睫毛稀疏光禿囉～

《立即搶購》

 — Products shown: 睫毛修護液-Hello Kitty限定版2條組.",0,2
0,325487968316_10154513222103317,0,7,video_share_youtube,325487968316,2017-04-24T01:00:04+0000,一起來了解#AdobeStock更新後有哪些新功能~http://oak.ctx.ly/r/5lfl2,2,2
2,132853350120519_1517321695007004,2,70,video_inline,132853350120519,2017-05-23T13:00:00+0000,"FreshFoam Cruz 嶄新鞋後跟設計搭配新穎的鞋面材質，讓你踩著穩定步履，品味舒適簡約的運動時尚！

更多資訊與銷售據點
※實際商品以店面販售為準

#NewBalance #AlwaysInBeta #FreshFoamCruz",0,2
0,287696251331252_1074149946019208,0,20,photo,287696251331252,2017-03-15T05:50:09+0000,"全台最速！
『音炫軌道』系列最新作『GROOVE COASTER 3EX DREAM PARTY』
升級套件即將抵達台灣囉^O^
SEGA台灣直營店預定於明日3/16(四)傍晚前
正式與日本同步稼動！
喜愛音樂遊戲的玩家們, 歡迎來店搶先體驗最新作的魅力喔^O^
",3,2
0,333338480975_10154481818950976,0,355,share,333338480975,2017-05-08T09:32:00+0000,"◤【SNAPSHOT 新品介紹】：望遠變焦鏡頭◢
喜歡拍攝鳥類🦅、鐵路🚉、山巒🏔等遠距攝影的粉絲們，想要清晰拍出精彩畫面🖼，一定不能少了望遠變焦鏡頭囉！但是～ 有時候是否會希望「能不能讓畫面再靠近一些」呢？ Canon 全新望遠變焦鏡頭 EF 70-300mm f/4-5.6 IS II USM 可以讓你將影像盡收眼底👍！首次配備「鏡頭資料顯示 LCD 螢幕」，拍攝資訊一目了然，還有 Nano USM 超音波馬達技術，展現高速寧靜自動對焦。 　
★ 產品介紹
　",11,2
0,248954465174600_1456449391091762,0,0,video_inline,248954465174600,2017-06-01T03:00:00+0000,"【YARIS, VIOS 同步雙料升級新登場】
👑安全升級: BSM盲點偵測警示系統，偵測盲點區域來車，死角退散更安全！
👑影音升級: Drive+隨行駕駛系統，高解析觸控式螢幕，藍芽功能更便利！",0,2
0,131580750222123_1345501898829996,4,363,video_inline,131580750222123,2017-03-24T10:18:05+0000,"【Mio115玩色新絕配！新色上市】
Mio新色，這次走韓風路線！
男生騎粉紅會娘娘嗎？
鬼鬼：不會喔！很OK der~

#SYM #三陽機車 #motor #Mio115 #玩色新絕配 #新色登場 #時尚 #鬼鬼吳映潔",28,2
0,164709646910260_1280653078649239,14,1294,share,164709646910260,2017-03-18T12:09:17+0000,"過去你聽耳機，現在耳機能聽你！　

從HTC Boomsound 配備 杜比音效、到HTC 10 的全新BoomSound Hi-Fi 超聲動音響與專屬個性化音效設定等，聲音一直是我們的強項！

但　我們覺得還不夠！所以，我們推出 HTC USonic！",14,2
2,575320992530108_1386537844741748,9,189,photo,575320992530108,2017-03-29T10:34:54+0000,"TIMEX ─ Fairfield Chrono

記得之前搶先曝光的新款嗎，這次讓大家看其他配色與錶面的細節處理，是不是很美呢🎊🎊

到貨後購買資訊喔！",6,2
0,281990891907579_1115349601905033,2,101,share,281990891907579,2017-04-24T09:03:23+0000,"★富士馬上看：SQ10規格曝光

今天我們公布了SQ10的功能與規格，SQ10可以使用雙重曝光、支援B快門、以及可以使用SD卡儲存影像等等，都可以讓你的創意更「正」點。
",0,2
0,281990891907579_1080589352047725,0,149,photo,281990891907579,2017-03-22T08:31:19+0000,"★為什麼專業婚紗攝影師會選擇富士 GFX 50S？

自從公布 GFX 50S 中片幅相機以來，就收到許多專業攝影師與攝影愛好者的詢問。經營攝影工作室 Photography Studio 婚攝周周藝術美學影像 的攝影師周周，就在今天，率先完成所有的購買程序，拔得頭籌，成為第一位入手 GFX 50S 的攝影師。

攝影師周周的攝影資歷將近10年，過往用的是其他品牌的相機，如今卻增購 Fujifilm / 富士フイルム 的中片幅系統。對婚紗攝影工作者而言，每一幅作品，不只是創作，更是自己的履歷表。攝影師周周表示，在選擇攝影器材時，攝影畫質是他最重要的考量條件。因此，中片幅系統是他的首要選擇，而在比較過市面上各中片幅相機之後，他發現，不論是畫質或發色，Fujifilm GFX50S最符合他的需求，足以提升他的作品品質。

周周下個禮拜即將帶著 GFX50S 遠赴沖繩拍攝，在此祝他工作順利，也希望他能夠拍出完美作品。",7,2
6,254012657963290_1485657134798830,6,474,video_inline,254012657963290,2017-04-03T04:09:00+0000,"YSL全新女香【黑鴉片淡香精 謎情花版】

完美釋放女人靈魂中最深層的慾望，
專屬於YSL女人黑色華麗搖滾的前衛刺激，
無限性感的禁忌挑逗。

#yslbeauty #yslbeaute #黑鴉片淡香精 ",7,2
0,135000737254_10154056731132255,1,48,photo,135000737254,2017-05-01T03:00:00+0000,"運動新生活，才能維持最佳狀況！🚴

更多束口褲款",1,2
2,196088173768858_1502272523150410,3,83,animated_image_share,196088173768858,2017-05-26T05:00:00+0000,"✨【全台獨家販售100組】 花漾誘色水唇膏包色禮盒!!✨
看到VOGUE、Marie Claire、Beauty雜誌裡面美美的禮盒了嗎?
可不只有部落客可以擁有這麼精美的包色禮盒呢!!

💄現在 全台限量100組! 想要就要快點搶購!💄


現在就手刀購買 2
",3,2
163,188151501215824_1505138662850428,191,2041,video_direct_response,188151501215824,2017-04-11T04:00:13+0000,"NO.1底妝霸主挑戰再升級「只有婊姐可以超越婊姐」
經過“超逼人關卡”……姐的底妝，是否還能完美無瑕？
婊姐激推超級粉底＆氣墊粉餅 ♥


#底妝霸主 #完美底妝堅持到底 #丹妮婊姐底妝",139,2
0,522623651112699_1493363340705387,0,48,video_inline,522623651112699,2017-05-01T09:00:00+0000,"【冰結】の【華麗享受】
結束辛苦的一天
腦中不斷飄出許多工作後的小確幸
那就來一罐冰結吧!

華麗白葡萄帶來豐富的口感
喝的到純真水果的香氣
讓工作後的享受伴隨華麗的味道

#KIRIN #冰結
#華麗白葡萄
#工作後的華麗享受",1,2
0,143653685699398_1448305181900902,2,468,photo,143653685699398,2017-04-19T02:00:00+0000,"【MR.BROWN饗食】
美味早餐新星 ▶鮪魚玉米沙拉口袋餅◀

把新鮮蔬果與美味的鮪魚玉米沙拉
放進鬆軟又帶有淡淡的麵粉香氣口袋餅中
簡單又豐富帶給你一天滿滿的元氣！

#伯朗咖啡館 #coffee
#幸福早餐 #口袋餅
#一天的滿滿元氣",4,2
0,164709646910260_1281458361902044,23,1168,album,164709646910260,2017-03-17T04:01:00+0000,"【HTC U 設計概念故事 - 鎖不住的奇幻色彩】

靈感來自光、影、結合液態表面的三相奇幻層次美學。專注在全新玻璃材質上，設計師得以完整探索玻璃本身的獨特相性，創造出藝術品般的多重層次美感！

色彩與光的無盡對話
玻璃與金屬、相生的鬼斧神工",15,2
0,333109469102_10154579356294103,0,358,photo,333109469102,2017-05-15T10:17:09+0000,"【經典不敗風格 摩登彈性型格】
歷久不衰經典帆船鞋型 x 獨家彈性感應科技
精選牛皮，打造紳士質男品味
舒適鞋底，重塑夏日輕盈時尚

===夏日帆船鞋・嚴選熱賣中===

了解更多

5月31日前，凡購買短袖組合價商品，加購船鞋/Killington系列

*限實體門市適用，短袖T-shirt恕不適用
*實際活動以店櫃公告為主
*Timberland保留取消或修改活動的權利

#TimberlandTW #BoatShoes #Sensorflex",2,2
0,123897324016_10154997512594017,0,35,photo,123897324016,2017-05-16T08:00:09+0000,"除了CPU之外，Intel 推出的平台與解決方案也不斷地在革新。像是新的記憶體技術 Intel Optane、SSD、整合式連線 (Intel Omni-Path Fabric、Ethernet adapters)、硬體加速技術 (FPGAs,Intel® QAT)",1,2
2,196088173768858_1452439174800412,12,498,share,196088173768858,2017-04-07T03:16:11+0000,巴黎萊雅金緻護髮精油，打造最喜愛的玫瑰LOOK！,10,2
2,333109469102_10154531350149103,5,249,album,333109469102,2017-04-30T10:00:00+0000,"潮度，決定態度！
▌Timberland SLS系列 態度爆棚熱賣中▌
-

[ 指定販售店櫃 ]
信義A11-4F │ 昂路基港‧爾本‧台茂‧大江‧南平‧夢時代‧大樂‧崛江‧環屏店 │ 祥銓斗六店 │ 謙謙信義‧竹北店 │ 米蘭花蓮遠東‧花蓮中山‧公館店 │摩曼頓-大東店│祥銓-斗六‧員林店
#TimberlandTW
#SLS
#ClothesSpeakLouderThanWords",6,2
0,394413307347229_1208468019275083,9,121,photo,394413307347229,2017-04-01T04:53:53+0000,"#CZ頭條
南方航空率先推出業界首架碟式飛機！",13,2
0,172489456479180_373684323026358,3,2708,video_direct_response,172489456479180,2017-05-02T22:00:00+0000,"我的BOY•FRIEND讓我覺得美好
當斜紋軟呢與黑色精鋼結合
全新作品訊息請瀏覽

探索更多BOY.FRIEND 斜紋軟呢系列",47,2
1,461859377194835_1152676718113094,3,340,video_inline,461859377194835,2016-09-23T07:32:08+0000,"【日本熱売！每3秒売出一瓶】全新LUX無矽靈の精油洗髮，含天然植物萃取的紅石榴及蘭花精華，打造空氣彈力髮

現在馬上擁有→",5,2
35,171212682949216_1421412754595863,83,874,share,171212682949216,2017-04-20T10:00:00+0000,"【史上最強保濕逸品 】
1秒打造全天候肌膚所需保濕
深滲透力|肌底蓄水力|爆衝保濕力
水磁場超強新品-水磁場微分子保濕精華
",65,2
19,153845928748_10155217385683749,24,457,photo,153845928748,2017-04-23T03:00:42+0000,"Hello Kitty草莓冰銅燒7-11超商獨家販售！
純正蜂蜜調製的金黃餅皮，
2CM高的草莓冰淇淋搭配覆盆莓，口感酸甜濃郁，鐵粉們，還不趕快去買~~~~",11,2
1,56247409725_10155183447454726,3,136,album,56247409725,2017-03-19T08:11:02+0000,"迪士尼 TSUM 系列百看不厭！！！
 LED燈手機座，放在桌上就很療癒～
辦公暖心小物",4,2
16,126949930763408_699889376802791,18,3757,video_inline,126949930763408,2017-04-21T11:00:01+0000,"BMW始終以前導之姿，引領未來新科技。

BMW M4 GTS是目前市面量產車中，唯一搭載新世代水噴射系統的車款。透過高壓噴嘴以霧狀細噴的方式，將水噴入進氣岐管與燃燒室並蒸發，有效降低進氣溫度，節省油耗並提升動能。",345,2
0,267654926582726_1626664234015115,0,209,photo,267654926582726,2017-03-31T11:00:00+0000,"GEL QUANTUM 360 KNIT 針織透氣的鞋面，包覆性強且具超高緩衝，自在慢跑整座城市。
櫃點查詢",3,2
0,401859190490_10155176497870491,0,0,album,401859190490,2017-06-03T13:00:00+0000,"夏日94要清爽！拒絕身體黏膩膩🛀
#果香沐浴膠 不含皂鹼不傷肌膚，成份中富含蜂蜜，在潔淨肌膚的同時補充肌膚流失的水份，解決夏日肌膚黏膩的無所適從！


立即取得果香浴成就",0,2
0,123897324016_10155044899639017,0,0,photo,123897324016,2017-06-02T03:16:03+0000,"第7代 Intel 處理器讓你身歷其境、擁有沉浸式的VR體驗！ 

#Intel #7thGen #ASUS #ROG",0,2
0,144966305545387_1442483992460272,0,96,photo,144966305545387,2017-04-24T02:00:00+0000,"軍綠色表面是今年的大流行，配上#SISTEM51 IRONY #51號星球 自動機械錶 設計，生火到不行 😎😱👽👾🤖

最流行＋CP最高規格，不敗對不起自己：",4,2
0,277838997160_10154341145957161,5,204,photo,277838997160,2017-05-07T01:00:00+0000,"👉🏻端午節極上冰粽全面上市👈🏻
今天，不解釋，搶購吧👛

早買早享受，不買很難過

🔆三種口味透心涼，解放你的盛暑🔆
🔻想吃的底加啦🔻
☑️紅豆鮮奶冰粽
☑️花生鮮奶冰粽
☑️芋頭鮮奶冰粽

#管太寬住海編
#已購入
#送禮自用兩相宜
",14,2
0,243814185643053_1564094500281675,0,29,photo,243814185643053,2017-06-14T04:10:00+0000,"整塊香烤雞排加上加熱起司，淋上SUBWAY特選醬料
最適合炎熱夏天的好滋味94香烤雞肉堡

#搭配套餐吃更美味 #最愛黑巧克力餅乾 #SubwayTaiwan",0,2
0,123897224298665_1383892568299118,4,30,photo,123897224298665,2017-02-25T08:52:59+0000,"【 紅色風暴來襲！不可忽視的豔紅髮泥 】
冷色正夯，但在這股熱潮中，有一個不能忽視的存在，紅色髮讓膚色顯白，一舉一動散發自信成熟美，我行我素，尤其是紅漸層到金如同紅金絲帶，又像野火的髮色，讓人深深陶醉～ 趕快再來一瓶艷紅髮泥再說！",0,2
10,147420985293458_1240131866022359,13,104,album,147420985293458,2017-03-25T02:47:25+0000,"【淘◕喜歡】鐘意旅行嘅香港人，除咗鐘意😎「打卡」之外，仲有📸影相tim~ 呢個復古「世界地圖 家具掛飾」就可以一次過滿足你兩個願望！
🌎 產品鏈接
#世界地圖掛飾 #淘寶 #淘開心",16,2
6,360450250740751_1291300010989099,41,382,video_inline,360450250740751,2017-05-12T04:25:00+0000,"【 小米路由器 3 】
✔️  4天線高效能，覆蓋更廣、訊號更強
✔️  1167Ｍ傳輸速率，802.11ac雙頻併發，更流暢的上網體驗
✔️  128MB超大Flash，一般路由器的8倍，不僅支援多部裝置連接上網，也保護裝置更穩定的運行 

#小米路由器3 的關鍵數字，更快更強，不止四天線！",8,2
0,254012657963290_10212830798475364,0,149,video_inline,254012657963290,2017-06-27T10:57:20+0000,"YSL LOOK ｜ SMOKY LOOK
自然濃密美睫 X 深邃立體眼影
釋放性感搶眼的叛逆雙眸。

▲叛逆時尚睫毛膏防水版
▲叛逆時尚雙效眼影筆

",3,2
0,142816435924517_628526090686880,0,7,photo,142816435924517,2017-06-22T10:00:12+0000,"【星展社企伸展台】
星展銀行扶持的🌎「以立國際服務」
號召自願者到貧困國家擔任志工
💓用實際行動去幫助當地弱勢居民
不只改變自己，更改變別人的人生
認識這份跨越國際的愛心吧〜以立國際服務",0,1
0,121431141207349_1784947461522367,0,29,photo,121431141207349,2017-05-29T03:00:00+0000,"【＃好鄰居作公益 － 頂好公益月 守護慢飛天使】

頂好自2007年起，成為伊甸守護商店，
透過頂好門市推廣「條碼零錢捐」，
隨手作公益，幫助慢飛天使健康長大。
 
即日起到頂好超市消費，
悠遊卡消費滿300元，頂好與悠遊卡捐10元；
消費指定商品(頂好牌竹炭水、鹼性離子水)，頂好捐10元；
加入UUPON會員，點鑽將再捐5元，作為支持伊甸基金會弱勢兒童服務計畫，

為 400 位慢飛天使募集經費，幫助更多慢飛天使邁向希望未來。",1,1
0,401859190490_10155148208660491,0,145,photo,401859190490,2017-05-27T02:00:00+0000,"【小兵立大功♻環保回收不落人後】
空瓶回收活動開跑囉，現在拿著品牌空瓶即可現抵消費金額！
讓妳在消費的同時，也能為愛護地球出一份心力🤘🤘",16,1
0,1492820824263801_1853224404890106,1,18,photo,1492820824263801,2017-04-28T12:00:00+0000,"【💡Tide汰漬 低泡沫配方更環保】
如果家裡用的是滾筒洗衣精，
挑選洗衣精時會特別注意，
避免泡沫太多難以清洗。

其實汰漬洗衣精皆為低泡沫配方，
無論滾筒式、掀蓋式洗衣精，
效果用起來都一級棒！

而且呀，低泡沫省水更環保～
粉絲們盡管安心使用哦！😊",0,1
1,168423776607421_1282727118510409,3,88,album,168423776607421,2017-05-12T10:26:01+0000,"【IBM DiscoverE 工程師週 前進中山女高🏫】
今天IBM DiscoverE 工程師週的台北首站來到了中山女高
除了分享今天活動的精彩照片外，
小編也訪問到熱情的IBMer與公益平台的蔡慈懿執行長
快來看看他們分享了什麼吧😀😀😀

公益平台文化基金會蔡慈懿執行長說：「學生們反應不錯，都有認真的想要完成這個Project，對於發揮創意動手做的東西很感興趣，IBM志工們的整體團隊士氣很高 ，整體活動的開場設計也很棒！」

IBM Teresa Lin ：「這是我參加第六年的Eweek，每年的活動都很讓人驚艷，今天各組的同學們也都很認真積極地參與，是很有意義的活動，好想帶回家給自己的小朋友們玩。」",2,1
2,277838997160_10154221131437161,2,198,photo,277838997160,2017-03-28T02:00:00+0000,"【環保愛地球 3/15起購買環保杯即送咖啡】
兩款不同造型 輕巧有型
流線型的外表讓您化身小清新的牛奶瓶
攜帶方便拿取飲用的316不鏽鋼環保杯",9,1
0,134004310003557_1467364666667508,8,389,photo,134004310003557,2017-04-02T10:00:00+0000,"【全聯邀請您發揮一「幣」之力，一起關顧台灣囝仔！】
用愛戰勝癌
只要一「幣」之力
 
元皓，在年僅6歲、還未進入小學就學時，
罹患了「惡性骨肉瘤」，經歷了12次化學治療，右腿截肢。
 
失去一隻腳的元皓，把「樂觀向上」變成了生活動詞，
加入游泳隊學游泳、賣力復健鍛鍊，
毅力滿點的他，抗癌有成、游出新未來，
在全國身心障礙運動會奪得金牌，
克服各種不容易、努力學業，
現在是青春正好的大一生，也曾獲頒總統教育獎。
如此熱愛生命的他，讓獨自拉拔他長大的媽媽，放心又欣慰。
 
元皓的歷程是基金會孩子的縮影，
在台灣的各個角落，對抗病痛、度過治療難耐時光，拚搏生長、努力茁壯。
 
小編邀請大家來全聯時隨手捐，
一起響應兒童癌症基金會
「用愛戰勝癌」援助計畫！
陪伴弱勢家庭度過難關，讓孩子平安長大！
 
#全聯
#為愛即時行動
#一幣之力
#兒童癌症基金會 
#用愛戰勝癌
#做愛心大家一起來",23,1
0,333222276851431_761637504009904,0,0,new_album,333222276851431,2017-05-23T08:58:52+0000,"呼朋引伴大聲喊📢大台中海線的車迷朋友們看過來！👆
KIA沙鹿新車展示暨服務中心開幕囉！🚗🚗🚗
頂港有名聲，下港足出名，海線專屬的KIA標準規格服務中心抵沙鹿啦！
位在台灣大道七、三民路和中山路口，緊鄰沙鹿交流道，交通位置超便捷，在地服務超貼心，C/P質超高的KIA在此為大家服務！
開幕資訊",0,1
15,140574649321224_1517026151676060,20,801,album,140574649321224,2017-05-27T14:00:10+0000,"■端午連假去哪逛？UNIQLO台中福科路面店開幕
台中福科路店5/26(五)盛大開幕！即日起至5/30(二)端午連假期間每日8:00A.M.開始營業，昨天和今天已有好多顧客前來參與，還沒來的粉絲快與親朋好友ㄧ起來逛喔～


 更多開幕獨家",44,1
2,121641016343_10154487714501344,5,147,video_inline,121641016343,2017-04-07T10:51:51+0000,"<<超進化黃金導航膠囊體驗館>>正式開幕啦～

把膠囊體驗禮帶回家，還有機會獲得價值8500元的限量好禮喔 💖
✔ 體驗館時間：4/7(五)起至4/9(日)21:00 等你來喔❤
#伊麗莎白雅頓 #一滴點時成金 #超進化黃金導航膠囊",34,1
4,131580750222123_1385929751453877,6,470,photo,131580750222123,2017-05-01T02:30:40+0000,"2017 TSR開幕賽
Jet S 一舉拿下 125C2 125C3 TSRRC 三個組別冠軍，首戰就霸氣拿下三冠。
感謝各大車隊選用 SYM JETS 。
125C2冠軍-陳韋豪（亞旭車業）
125C2亞軍-傅忠信（勁輪車業）
125C3冠軍-鄧憶鴻（SMRT順興車業）
TSRRC冠軍-王聖欽（亞旭車業）
http://www.motobuy.com.tw/p_info.php?t1=31&p=3260",38,1
0,245293232158826_1471031486251655,7,44,animated_image_share,245293232158826,2017-05-05T12:00:00+0000,"【一拍即合攝影展】關懷弱勢，散播愛！
自閉症的孩子用手機紀錄下的世界會是什麼面貌呢?
LG特別邀請莫斯科國際攝影賽的獲獎創意人擔任攝影老師，以有趣的課程讓肯納自閉症的孩子們認識朋友，並透過LG手機拍下了尊重、理解與愛。
誠摯邀請大家一同來觀賞這富有溫度又有趣的影像展～
 
#台灣肯納自閉症基金會
#特別感謝韃仔老師和一間二顧志工老師及所有參與的夥伴們",2,1
0,601530866559001_1550397141672364,8,2726,multi_share,601530866559001,2017-04-21T01:00:00+0000,"#榮獲得國家健康食品認證
#照顧媽媽的健康好選擇",11,1
0,1467953320116761_1944287765816645,0,212,album,1467953320116761,2017-03-31T12:54:10+0000,"【得獎快訊】恭喜All-new MAZDA CX-9 榮獲車訊風雲獎評選為最佳進口大型SUV！

擊敗眾家歐系與日系品牌，勇奪車訊風雲獎最佳進口大型SUV的All-new MAZDA CX-9，是MAZDA頂級旗艦之作，除了外型延續KODO魂動設計語彙的洗鍊動感外型之外，並首次搭載SKYACTIV-G 2.5T 高效汽油渦輪增壓引擎，提供令人驚艷的性能輸出與運轉品質；同時All-new MAZDA CX-9更提供完整的i-ACTIVSENSE主動安全科技，作為駕駛者行車安全的強力後盾。

不論是外型、內裝、性能、安全、以及駕馭感受，MAZDA始終堅持不斷挑戰，才能造就這樣的曠世之作。

非常感謝車迷以及媒體朋友們對MAZDA的支持，對MAZDA來說，這是我們的初衷，我們會永遠如此這般地盡情享受駕馭樂趣！

#MAZDA #MAZDATAIWAN #MAZDADesign #KODO #AllnewMAZDACX9 #CX9 #車訊風雲獎 #最佳進口大型SUV #CelebrateDriving",0,1
0,199415843446987_1430385530350006,6,579,album,199415843446987,2017-06-21T09:00:00+0000,"【JAL經濟艙座椅再度獲選為世界第一！】

大家好，我是擔任機內修護的篠原（前排右）。
2017年SKYTRAX在巴黎航空展所舉辦的「World Airline Awards」頒獎典禮中，JAL繼2015年後再度榮獲全球航空公司經濟艙座椅最佳評價，獲頒「航空公司最佳經濟艙座椅」獎項。

在大多數JAL波音767、777、787機隊已經開始裝載的路線中非常活躍「Sky Wider」座椅，甚至部分已進化到第二代「Sky WiderⅡ」座椅，至今我仍然還記得當初導入至機內時和它的第一次接觸。

對於我們修護部門來說，導入一個新的座椅，必須在飛機正式上線運航開始前，確認座椅備品的更換以及調整等方法。當我初次接觸這個座椅的時候，首先想到的是「座椅的間隔好寬喔！」。尤其平常就在修護飛機座椅的我們看來，差異顯而易見。心中強烈的感覺到「JAL的經濟艙真的變了！一定要讓旅客坐坐這更寬敞舒適的座椅」。

只是，不管多舒適的座椅，如果不易維護或是常常壞掉就沒有意義了。從整備士專業的角度來說，Sky Wider座椅不僅故障少，在維護上也很簡單，是非常好的機內座椅。

今後我們也將致力於研發讓每一個旅客都想乘坐的舒適寬敞座椅，把最安全最舒適的飛行體驗帶給大家。非常推薦各位獲選為全球最佳的JAL經濟艙座椅！",14,1
0,324725030936128_1408183355923618,1,58,photo,324725030936128,2017-04-29T05:00:00+0000,"【台北君悅母親節蛋糕 蘋果日報推薦 花漾春暉】

榮獲蘋果日報評比第二名，將台灣在地風味主題結合素雅精緻的和風設計，選用澎湖特有 #仙人掌，製成風味獨特的 #海綿蛋糕 與果醬凍，以花與蝴蝶展現春日生機，也象徵對母親無限的感恩與愛。 更多資訊：http://bit.ly/2qcwqbW

寵愛媽咪， Baguette 禮品‧烘焙坊 多款 #母親節蛋糕 熱賣中！訂購請洽02 2720 1200轉分機3164

An array of yummy cakes for moms is available now at Baguette. Order now!

#mothersdaycake #mothersday #specialgift #ilovemommy",5,1
3,224451981016415_1197713480356922,8,860,video_inline,224451981016415,2017-05-08T11:26:52+0000,"高調沒有界線！
於上海車展亮相的 Concept A Sedan 未來概念車，化繁為簡的Sensual Purity設計，結合動感與豪華科技於一身；霸氣的直瀑式水箱罩，與塗有UV塗料三角元素，可折射不同顏色的頭燈，帶領你預見最前衛的未來！ ",40,1
0,454156911325234_1544943775579870,0,31,photo,454156911325234,2017-05-22T14:30:29+0000,"全球能源的比例，有超過40%都消耗在 #建築 上，而營運大樓所需的能源消耗，又遠比蓋大樓所需的能源消耗高出許多！

西門子 #Navigator 能源管理平台，利用數位化的方式、 直覺簡便的管理平台，改善樓宇能源使用情況，讓來賓過得舒適，同時減碳又潔淨。就連 #台北101，甚至墾丁福華渡假飯店 都是我們服務的對象🏙⚡🌏

了解更多：https://goo.gl/CcG0pu",2,1
2,127607240588402_1684411134907997,2,103,photo,127607240588402,2017-03-29T10:00:00+0000,"【歡慶哈根達斯寶慶遠東店 盛大開幕】
 
粉絲們久等了！哈根達斯寶慶遠東店來到年輕人最喜愛的西門町盛大開幕囉！
位於西門鬧區寶慶遠東百貨B1，鄰近西門捷運站3號出口
最適合與好友或姊妹淘相約逛街、看電影的午後，來哈根達斯享用午茶點心度過美好周末

門市資訊
【寶慶遠東百貨B1】
地址：台北市中正區寶慶路32號B1
電話： 02-23755698
提供服務：外帶冰淇淋，咖啡及茶飲、
外帶冰淇淋禮盒、販售冰淇淋蛋
糕
週日~週四 11:00~21:30
週五~週六 11:00~22:00",4,1
0,593351024031652_1556216934411718,0,58,album,593351024031652,2017-05-08T03:05:00+0000,"【#周大福大阪分店開幕】
周大福海外分店再一家！喜愛去日本旅遊的福粉們有福啦！現在到大阪的DOTON PLAZA 1樓就找得到我們囉~~
距離近鐵日本橋車站路程只需5分鐘，還很鄰近心齋橋、道頓崛和黑門市場等熱門景點呢~

地址: 542-0082大阪府大阪市中央區島之内2丁目15番10號DOTON PLAZA大阪 1樓－111號店

#CTF #ChowTaiFook #Jewellery #Osaka #大阪",5,1
0,139129362880910_1167106056749897,0,20,video_share_youtube,139129362880910,2017-04-21T01:29:18+0000,"橫濱輪胎獨家贊助，2017日本超級方程式首站將於鈴鹿賽道登場

可說是亞洲最強的日本超級方程式(Super Formula)，使用ADVAN A005賽車輪胎於賽道乾燥狀態，ADVAN A006則是用於賽道濕滑狀態，均採用橫濱輪胎獨家開發、與市售輪胎同樣的橘子油配方，提供抓地性能與環保節能兼具的雙效表現。

而此高規格賽事更為不少退役F1車手或仍有夢想進軍F1的年輕車手的最佳試鍊舞台，比如現效力於F1麥拉崙車隊的Stoffel Vandoorne，不僅是2015年的GP2總冠軍，在2016年亦曾全心挑戰日本超級方程式。此外，2016年GP2總冠軍Pierre Gasly，可說是追隨其腳步在今年加入RED BULL(紅牛)車隊先挑戰日本超級方程式。

日本超級方程式的定位，希望能夠打造為僅次於一級方程式與美國Indy的高階方程式賽事，除了上述的Pierre Gasly之外，更有包括前F1車手小林可夢偉、中島一貴、澳門F3雙冠王Felix Rosenqvist，以及曾經多次在利曼賽事奪冠、亦曾參與F1的André Lotterer、曾效力於JORDAN車隊挑戰F1的Narain Karthikeyan等眾多實力與經驗兼具的好手參與。

日本超級方程式賽車採用Dallara SF14賽車底盤、六前速變速系統/方向盤撥片換檔、BREMBO碳纖維煞車、KYB電子動力轉向系統，含車手總重量不得低於660公斤，以2010年F1車體安全規格為標準，並且分別由HONDA(代號HR-414E)或TOYOTA(代號RI4A)提供2.0升渦輪增壓引擎，最大輸出馬力約為550ps，藉此維持賽車的可靠度與高性能表現，搭配單一橫濱賽車輪胎，讓賽事更具競爭感與可看性，更成為橫濱輪胎參與方程式賽事數十年來的全新篇章。

讓我們一起期待2017年日本超級方程式賽季的展開!",0,1
0,1175328232493915_1706700122690054,1,133,video_share_youtube,1175328232493915,2017-03-18T12:00:00+0000,"去年來到對機車工藝極度講究的東京
在國際化的城市中展演KYMCO未來的概念
 
今年，KYMCO保證讓大家驚豔
期待再次襲捲東京民眾的目光！
#東京車展",9,1
0,174567875906128_1602462603116641,0,22,album,174567875906128,2017-03-25T06:35:51+0000,"【#Epson愛分享】F1新賽季正式開跑

2017年全新F1開幕戰就是明天~~~
快來看看Epson贊助的Mercedes AMG Petronas新車隊雙雄！！！
Lewis Hamilton與Valtteri Bottas同場互飆車技，
光用想的愛普桑已經熱血沸騰了！

3/26第一場澳洲開幕賽，一起鎖定Mercedes AMG Petronas車隊，
展現無人能敵的王者氣勢，邁向四聯霸 GO！",1,1
0,270750529766166_738712162969998,7,256,multi_share,270750529766166,2017-04-22T11:00:00+0000,"今天，我選擇與人共乘

今天，我選擇騎電動機車上班

今天，我開低油耗的車，好行好看好型

未來，我們都要更愛地球一點 

#Mitsubishi #中華三菱 #三菱說夢畫 #世界地球日 #減碳很重要 #讓地球好好呼吸 #LoveEarth",16,1
0,166459533383697_1701180743244894,7,255,video_direct_response,166459533383697,2017-04-22T09:00:00+0000,"【IG搶先報】
和小編一起使用電子帳單
讓每個月打開帳單的時刻
都充滿了愛與和平
#422地球日 #E起救地球
#關心地球也要關心中華電信IG",12,1
0,428068243899019_1387917331247434,1,215,share,428068243899019,2017-04-07T06:39:38+0000,"小行動，大改變！
喝一杯茶的時間，你也可以幫助台灣在地農民維護環境及工作權益，爭取更平等安全的待遇！
雨林聯盟認證，已經幫助超過12個國家的農業工人，維護他們耕作環境的安全。
和立頓一起支持雨林聯盟認證，喝好茶愛台灣！
#立頓雨林聯盟認證",4,1
1,143653685699398_1413097892088298,12,3562,animated_image_share,143653685699398,2017-03-21T02:00:00+0000,"【MR.BROWN 氛享】
每月22日　伯朗環保日　
自備2個環保杯消費，

地球只有一個　
伯朗邀請您一起愛地球
喝咖啡愛地球吧！

愛地球詳情：
#伯朗咖啡館 #coffee
#伯朗環保日
#自備環保杯",96,1
0,115361891807579_1528649623812125,2,57,photo,115361891807579,2017-05-25T02:30:00+0000,"【達美樂帶您到淡水走走】
達美樂淡水北新店~重新開幕囉！",13,1
2,153845928748_10155218622193749,4,165,photo,153845928748,2017-04-22T03:30:13+0000,"4/22 #世界地球日🌍
別忘了今天做一件愛地球的事
好冰友們知道嗎？只要自備環保♻️杯或碗
和我們一起為環境獻一份力，守護這個珍貴的地球吧～❤️ 
#worldearthday #環保愛地球",5,1
414,134700029778_10154809231124779,391,810,video_inline,134700029778,2017-06-23T10:01:12+0000,"LEXUS 抽獎｜邀你去 Unite With Tomorrowland

樂迷期盼多年，電音迷此生必朝聖的音樂派對首次來台！LEXUS 獨家冠名贊助 Tomorrowland，邀請粉絲7/29與我們一起去義大感受百大DJ的熱情脈動，享受奇幻的音樂旅程！",153,1
0,333338480975_10154349392805976,0,151,photo,333338480975,2017-03-24T09:30:00+0000,"◤3/25 Earth Hour 關燈一 小時 🌏 粉絲行動大串連 ◢
『 ⏰ 距離關燈一小時倒數：1 天！』
愛護地球的小秘訣，透過每一個人的小小動作，就能大大改善地球的環境！就讓我們從培養隨手關燈、長時間不需使用的電器開始 ⚡，為這獨一無二的美麗地球盡一份心力 💪💪💪
地球一小時 #關燈一小時 #世界關燈日 #節能減碳 #省電 #隨手關燈 #愛地球",8,1
0,122656381098232_1521928051171051,0,171,animated_image_share,122656381098232,2017-05-29T12:00:00+0000,"UFC 風靡全球的終極格鬥冠軍賽
Reebok為其獨家贊助運動品牌，提供賽場上的最強裝備！

今年台灣持續引進UFC系列服飾，著裝你的格鬥魂，感受戰鬥的熱血沸騰！",2,1
0,758362110876541_1427196407326438,0,17,multi_share,758362110876541,2017-05-18T07:30:30+0000,🌸撒花～獅王肌潤保濕沐浴乳榮登UrCosme沐浴清潔類排行榜第一名！🤗,3,1
5,131346323572353_1693633720676931,9,175,,131346323572353,2017-06-22T04:33:47+0000,"【重要公告】切勿購買非<世潮>進口之貝親奶瓶、奶嘴，以免消費者權益受損!

台灣市面上已出現貝親奶瓶、奶嘴的仿冒品，請務必確認您購買的商品包裝上所標示的<進口商>為世潮企業股份有限公司(貝親台灣的獨家代理商)，才是正品。為維護寳寳使用安全、消費者權益，切勿購買非<世潮>進口之貝親奶瓶、奶嘴，以免損及寶寶的安全及您的權益。",23,1
0,139129362880910_1188736664586836,0,24,album,139129362880910,2017-05-08T23:42:26+0000,"群雄並起的WTCC全新賽季

橫濱輪胎獨家贊助的WTCC世界房車錦標賽，嶄新的2017年賽季經過前兩個分站共四個回合賽事，分站冠軍分別由GUERRIERI Esteban(Campos Racing車隊、使用Chevrolet RML Cruze TC1賽車)、MONTEIRO Tiago(Honda Racing Team JAS車隊、使用Honda Civic WTCC賽車)、Thed Björk(Polestar Cyan Racing車隊、使用
Volvo S60 Polestar賽車)，以及Tom Chilton奪下(Sébastien Loeb Racing車隊、使用
Citroën C-Elysée WTCC賽車)，呈現不同車廠、不同車手紛紛奪冠的激烈場面，同時Volvo Polestar也暫時領先車廠冠軍積分榜，讓今年賽事可說是提前白熱化。

在車手總冠軍積分榜部份，MONTEIRO Tiago以穩定的表現經過前四個回合賽事共取得85分暫居領先，Thed Björk則是以70分暫居亞軍，意味著可說是新生軍的Volvo Polestar車隊所打造的Volvo S60 Polestar賽車，在今年賽季已經成為不可忽視的挑戰者。

WTCC第三個分站賽事將於5月14日在匈牙利的Hungaroring賽道進行，屆時賽況勢必也將同樣激烈可期。",0,1
0,127607240588402_1710517865630657,0,227,photo,127607240588402,2017-04-17T12:18:43+0000,"【賀！ 完美女人冰淇淋蛋糕榮獲蘋果副刊通路評比 總冠軍！】

口感滑順，充滿玫瑰香氣與酸甜草莓的冰淇淋，搭配大方典雅造型，讓完美女人以81.33的高分獲得各大通路評比總冠軍！
而外型精緻浪漫，由玫瑰荔枝覆盆子與香濃夏威夷果仁冰淇淋搭配的香水密碼蛋糕則是獲得青睞，拿下百貨通路冰淇淋蛋糕評比第二名！
還有今年超高人氣接骨木花黑醋栗與玫瑰荔枝覆盆子冰淇淋搭配出可愛嬌貴的草莓花園，更是評審們一致口碑推薦！

媒體推薦報導
今年就用哈根達斯蛋糕，把最純粹的愛，獻給最愛的媽媽吧！",13,1
0,168423776607421_1303283203121467,0,0,album,168423776607421,2017-06-03T09:33:17+0000,"【補班日做志工 💪🏼DiscoverE前進花東】
IBM DiscoverE 慶祝10週年🎉，
今年首度將IBM科技教育帶向東台灣。
首站我們來到總經理Jennifer的母校花蓮女中，
適逢花女90週年
開場前，Jennifer特別和學妹們分享女性職涯心路歷程，
鼓勵在場的所有學生與IBM志工們，
勇敢做一個精彩的自己，
才能在回顧的時候沒有遺憾😇😇😇😇
DiscoverE 活動也在花女學生們與Jennifer熱情參與下圓滿落幕！
下一站-台東均一實驗中學我們來囉！",0,1
0,143039229176602_771674156313103,86,1211,photo,143039229176602,2017-03-31T09:00:00+0000,"【城市光點】 vs 【高空雲海】
你比較喜歡哪種空中美景呢？

#EVAAir @Toony Choou",17,1
0,601530866559001_1522253127820099,5,23,photo,601530866559001,2017-04-01T03:01:00+0000,"【#健康好食堂 § 連假長途開車就靠它-枸杞菊花薄荷茶】
　
清明連續假期，返鄉及規劃出遊免不了長途開車🚗，對駕駛來說，長途開車不僅是體力的挑戰，眼睛還要應付強光、下雨、疲勞和空調吹拂的挑戰，如果利用凌晨暫停收費時段趕路，那疲憊感💤更是如影隨形啊！喝咖啡可以短暫提神，卻不能真正消除疲勞，而且咖啡很利尿，喝多了萬一塞車就...... (你知道的)；在踏上旅途前，可以貼心的泡上一壺明目養生的茶飲，體貼長途駕駛的另一半！
　
#健康茶飲陪他安心駕駛
▲枸杞含有豐富的玉米黃質、葉黃素、β胡蘿蔔素、類胡蘿蔔素，國內著名教學醫院已經證實枸杞有助於改善乾眼症
▲菊花含有維生素A以及B2，維生素A是保護眼睛重要的維生素，若維生素A缺乏會導致夜盲症，維生素B2能保護視神經
▲薄荷具有抗氧化性，還能提神抗疲勞。
　
《枸杞菊花薄荷茶》
材料：
有機枸杞15g
乾燥白菊花30g
新鮮薄荷葉數片
冰糖少許
　
步驟：
1.將材料洗淨備用，燒開1000CC的水，水滾後加入枸杞和白菊花，轉小火煮10分鐘
2.關火後丟入薄荷葉，加入些許冰糖調味，完成

小叮嚀：
枸杞和白菊花最好選擇有機種植，避開二氧化硫、農藥的危害，在傳統通路購買的最好將第一泡的水倒掉；薄荷葉可以去花市買一盆(不貴)，以後要採摘都很方便。",1,1
26,152341009257_10155284409514258,23,354,video_inline,152341009257,2017-04-03T11:00:00+0000,"【春遊吃貨大集合→落櫻真繽紛】
太陽出來了，春天也來了
吃貨象和吃貨小豬好想知道春天的味道
沒想到吃貨象對著櫻花樹用力一撞
飄了好多好多花瓣下來
連櫻花生乳捲都一起掉下來了！
原來只要「奮發象上」，沒有什麼是吃不到的！
好天氣就有好食慾！
🔥Tag你身邊的吃貨好朋友「@_______，你這頭吃貨🐽快跟我一起去全家吃吃吃吃~」
",26,1
50,156711121097246_1067733959994953,269,357,animated_image_share,156711121097246,2017-05-11T11:00:00+0000,"只要在4月~5月 #聰明選擇 系列文，分享並留言
留言告訴小編: 為何想試試這支牙膏? Ex: 微晶鹽一支雙效，我的聰明選擇!",240,1
0,287709864938481_408441872865279,0,109,share,287709864938481,2017-04-19T11:00:00+0000,"不知道粉絲們在開車前有沒有檢查車底的習慣呢？
如果不小心出現有小朋友或小動物藏在車底的狀況
養成這項開車的好習慣
就能盡量避免憾事發生喔！
除了檢查車底外
米寶也貼心提醒各位粉絲
開車前別忘記先檢查一下愛胎唷~

#米其林關心您 #米寶伴你左右
#轉發分享與好友一同守護行車安全",7,1
0,248954465174600_1364130730323629,5,448,video_inline,248954465174600,2017-03-25T13:00:00+0000,"今天來跟大家分享小編很喜歡的一段短片，
看到最後恍然大悟之後特別有感觸呢!
你選擇如何和大自然中的每個生命相處呢?

做出好的改變，
從現在開始。

#HV10million
#ToyotaHybrids",47,1
36,366439094270_10155543822829271,39,465,animated_image_share,366439094270,2017-05-08T10:20:39+0000,"【Legion Level Up】💪

你是路人、閒人，還是神人? 😉
解鎖你最6的遊戲名稱，留下你的大名並Tag一位隊友寫下「@______，我最強的是XXX !」，並公開分享此篇貼文",25,1
0,608262145912469_1549746648430676,7,42,photo,608262145912469,2017-06-22T10:21:47+0000,"我們運用特殊科技，將卡圖艾味道注入的圖片裡，
聞聞看，你聞到了哪些味道?☕
(A)紫羅蘭花香(B)堅果香(C)蜂蜜味(D)以上皆是
快留言告訴我們答案！

風靡全國的「卡圖艾限定版」到底有多香？
",2,1
0,224451981016415_1144359502358987,2,308,new_album,224451981016415,2017-03-11T14:06:40+0000,"【 Mercedes-Benz 馳騁未來超粉體驗日 直擊體驗精彩花絮 】
感謝超粉熱烈參與! 結合了車款展示、互動體驗、試駕試乘、餐廳美食, Mercedes-Benz超粉體驗日打造車迷的夢幻體驗活動, 超粉除了近距離欣賞Mercedes-AMG GT S精湛的造車工藝 、試乘體驗Intelligent Drive先進科技及品味獨一無二的Mercedes-AMG「INNER FORCE」賽道香水.  最後在品嚐「牛排教父」鄧有葵特別設計的美味佳餚下完美落幕!
 
歡迎參與現場活動的幸運超粉，於貼文下方留言與更多人分享你的獨特體驗，也邀請所有粉絲來到#MercedesBenzPopUpTaipei 一同探索更多 
",0,1
0,139589396215732_795161117325220,1,3,photo,139589396215732,2017-05-02T11:30:00+0000,"【浴室都該擺上一罐的魔法卸妝密器】
忙了一整天，回到家就是想快速卸妝洗臉接著休息
不想卸妝洗臉花費太多時間？

哪裡買
追蹤露得清IG",0,1
1026,143039229176602_779648398849012,1058,6109,photo,143039229176602,2017-04-10T09:00:00+0000,"聽說現在只要用電腦在Yahoo搜尋「長榮航空」✨
就會有神祕人物超萌現身，而且還有機會和他們近距離接觸！
事不宜遲現在就搜尋🏃快跟小潔說你找到誰🔍

只要在4/16 23:59之前於留言處上傳搜尋結果截圖並留言：
「@tag(一位朋友)我找到了______，本周末在________，不見不散！」",228,1
106,287709864938481_408950399481093,98,177,photo,287709864938481,2017-04-20T11:00:00+0000,"【！！！忠實粉絲94你！！！】

許多粉絲來私訊米寶說
每次看到有趣的活動想參加時都已經慢了一步
內心只有一個飲恨呀～～～
米寶在這邊告訴各位一個小撇步喔！
只要點入粉絲團上的「追蹤中」
並將台灣米其林粉絲團設為「搶先看」
這樣以後關於米其林最新的活動消息與好康資訊
粉絲們就能一手掌握囉！

現在就截下把米其林粉絲團設為搶先看的畫面
並Tag你的好友一起加入忠實粉絲行列",50,1
3746,398020373782_10155426071258783,2178,10810,video_inline,398020373782,2017-05-12T13:00:00+0000,"《金牌2017年度代言人-五月天》嗨啤登場！ 

先前有參加「乾杯五月天」影片募集的捧由，有找到自己的身影嗎？
沒有的人也不要灰心！金牌這個夏天要持續和大家嗨啤all the time！
即日起至5/31 18:00止，留言tag一起#嗨啤 的朋友，並分享影片設公開，",2832,1
3,270750529766166_719057398268808,11,592,multi_share,270750529766166,2017-03-16T11:30:00+0000,"驚😨😨!! 
風行歐洲電動小徑車 紅遍電影界、萌寵界等網路名人圈❤❤❤❤ 
別說你不知道🤔🤔 (( 噓~跟不上，就偷偷看影片↓↓↓↓😏😏😏😏)",8,1
4,150260960605_10155843911555606,3,152,album,150260960605,2017-04-21T13:43:00+0000,"回家試試麗雅的小Tips吧
 
雅雅黑晶小Tips:
1.人是醒了但眼睛還在睡嗎？好吸收的眼凝露可用無名指腹輕點按摩，更愛冰珠按摩眼周，消除浮腫(你們給我醒一醒啊~)
2.曝曬完太陽、游泳、 長時間待在冷暖氣房與長途旅行的機艙讓人像朵乾燥花🥀，皮膚狀況更是不穩定，清潔完之後厚敷肌因賦活露保養急救，也可隨時補充，還可當指緣油~
3.在平常使用的乳液之前，多加一道保養當精華液使用，稍微按摩很快就全部吸收，全臉保水透亮亮(戴墨鏡~)",0,1
0,622567637810519_1317314268335849,0,209,photo,622567637810519,2017-03-11T12:00:00+0000,"驚蟄春雷初響，聽～春天的腳步近了！

秋冬的華麗蕾絲、沉穩深型悄悄的退居二線。內衣專櫃上的柔柔粉嫩色系新品，彷彿發芽一般，揭開春夏清新怡人的美好新氣象。今天，小編要大方分享自己的筆記重點給大家，分享春夏內衣的選購重點吧！

1. 關於罩杯
罩杯的材質，關係著穿著時的舒適與透氣。選擇透氣或具空氣感的素材，帶走穿著時的悶熱與黏膩感，保持不悶、不熱、不黏的舒爽感受。

2. 關於肩帶
好的肩帶讓穿著時舒適減壓，同時提供安定與支撐，將胸部固定在正確位置，不會因活動而滑動。細纖維織造的肩帶，最適合春夏季節。

3. 關於外觀
春夏衣物大都輕薄，簡潔素雅的無痕內衣就是最佳首選！方便我們隨興搭配各式輕柔材質的外衣，也不擔心會因為透光而讓自己的內衣曝光，避免尷尬囉！

#選擇對的內衣來搭配不同場合的衣服！
#春雷初響，華歌爾輕透記形Bra即將登場！
#Wacoal小編與妳分享春夏內衣選購必讀重點！",62,1
0,177612180793_10154671418330794,0,0,video_inline,177612180793,2017-06-03T13:16:33+0000,"ZenFone 狂歡趴現場直播報導---Part 3
謝謝粉絲們支持，今晚的ZenFone 狂歡趴順利結束，我們邀請粉絲們來分享這次演唱會的感想💝

 #感謝所有接受小編訪問的粉絲 #真摯感謝",0,1
0,360820761653_10155541735666654,0,17,photo,360820761653,2017-06-25T03:00:00+0000,"【#打造夏日涼視覺 #現學現用】
打造夏日涼意不只是體感溫度喔！
眼睛也可以很清涼😍
快來偷學幾招回家用~
1. 收拾熱感擺飾物，如:地毯、地墊和毛抱枕。
2. 加裝隔熱窗簾或隔熱紙。
3. 在室內擺放綠色植物和流動的水。
4. 將黃燈泡改成白光LED燈泡。

打造涼視覺不必花大錢 快來按讚分享囉♥",4,1
0,359854104118589_1126379410799384,1,448,photo,359854104118589,2017-05-10T04:00:00+0000,"【寶妹職場放鬆の小撇步✍】
長期盯著電腦工作，許多上班族都成了""""久坐一族""""
慢慢地。身體開始出現各種不適😵 😵 😵 

工作忙碌身體也要顧‼
起來動一動，舒展身心，呼吸新鮮空氣吧
⬇現在就跟著寶妹一起放輕鬆⬇",3,1
0,366439094270_10155722378869271,5,535,photo,366439094270,2017-06-26T11:12:42+0000,"【Legion 軍團見面會】 倒數二天~ 即將開始!📣

6/28 (三) 下午2點Legion 軍團見面會來囉! 你是收到邀請函的VIP玩家嗎?

Dinter與Gear將親臨分享使用Legion的超威密技，幸運玩家還可上台進行零距離互動、參加分組對抗賽，體驗Lenovo全新電競品牌Legion! 

受邀玩家將收到Lenovo團隊寄出的Legion邀請函，記得查閱註冊所留的Email信箱，並於6/27(二)中午12點前以Email回覆資料，以保確認資格，參與這場專屬熱血玩家的電競派對!

當天的分組對抗賽將進行FB現場直播，為你第一手傳送現場緊張刺激的對戰。請準時上線Lenovo Taiwan粉絲團，為你支持的選手吶喊吧!

✔活動時間: 6/28(三) 14:00-17:00 (13:30 開始入場)
✔活動地點: 三創生活3F (台北市中正區市民大道三段2號)
✔直播時段: 6/28(三) 15:20 開始 

注意事頊:
1. 受邀玩家需在6/27中午前回覆出席意願，以確保參與資格。
2. 本活動憑邀請函入場，因座位有限，僅限本人使用, 恕無法攜伴參與
3. Lenovo保留活動更改修正權利",1,1
0,1466345270273983_1774970952744745,0,75,video_inline,1466345270273983,2017-05-06T10:00:00+0000,"【按讚推薦給女性朋友們】

絲綢隨風飄蕩，那脫俗、優雅的美，總讓人目不轉睛。

這樣的空靈質地與輕盈美感，成就夢幻逸品—Tissot T-Wave 的誕生

#WOTW #WatchWednesday",4,1
0,131580750222123_1439101326136719,0,0,photo,131580750222123,2017-06-19T04:00:00+0000,"追蹤SYM IG了嗎🔜https://goo.gl/We9xhB

【CRUiSYM週末活動！報你知📣】
假日不該悶在家裡！快一起騎車出遊～
粉絲們快快來報名！

〖益隆咖啡團-蘭陽鯨喜之旅〗
時間：6/25(日)
地點：益隆車業<台北市士林區重慶北路四段244號>
活動資訊>>https://goo.gl/iZKFvT

〖SYM CRUiSYM 300 中區重車試乘會〗
時間：6/25(日)
地點：豐年駕訓班<台中市大里區大智路600號>
活動資訊>>https://goo.gl/VNFuWz",13,1
0,142816435924517_605694409636715,7,17,photo,142816435924517,2017-05-01T01:45:05+0000,"【星展腦筋動一動】
🎉辛苦的勞工朋友們〜勞動節快樂〜🎉
😉感謝勞工們的付出和貢獻
許多國家都將「 五一勞動節」 訂定為國定假日
但其實還是有些國家例外喔
💡星小編來考考您
下列哪一個亞洲國家今天沒有放假？

A.泰國
B.韓國
C.新加坡
D.馬來西亞

#星展腦筋動一動 #勞動節",1,1
298,177612180793_10154583168565794,716,889,video_inline,177612180793,2017-05-07T13:00:00+0000,"【網通小教室之有獎徵答又來囉🎁】
華碩無線分享器到底有多好，連你阿嬤都知道！👉第二彈巨獻登場！
究竟阿嬤又要傳授什麼小妙招呢？
請粉絲觀賞短片完畢，分享並且留言回答問題",602,1
2688,351894464883065_1415374601868374,1360,1345,photo,351894464883065,2017-03-17T04:00:00+0000,"🐄🐄🐄🐄🐄🐄🐄🐄🐄🐄🐄
白色香濃牛內湯頭.
就是~【農心 牛骨湯麵】~
愛吃牛肉的你，一定要來品嚐看看~

🐃🐃 請TAG 二位好友!!   
🐃🐃留言
",839,1
0,172489456479180_363245310736926,0,842,video_inline,172489456479180,2017-04-11T02:05:30+0000,請觀賞由卡拉．迪樂芬妮(Cara Delevingne)主演的Gabrielle de Chanel包款形象廣告預告片。這支由Shishi Yamazaki執導的動畫短片，於4月10日發布。,25,1
0,233718966815657_687866498067566,2,22,photo,233718966815657,2017-04-16T10:00:00+0000,"別讓眼周肌膚洩漏年齡的秘密

大家知道眼周肌膚厚度只有其他部位皮膚的三分之一嗎？因此容易產生黑眼圈、水腫、下垂、疲態等困擾，今天就要公開 Kevin老師 眼部保養技巧，不讓眼周透露身為女人的秘密～
Tip 1：改善眼周循環
針對眼周進行不同方式的按摩，以消除水腫及避免下垂，可使用保養品搭配按摩最有效

Tip 2：注意夜間飲食
避免過鹹、過辣、飲酒(尤其是啤酒)，以及短時間大量飲水

Tip 3：美眼飲食補給
例如：補充葉黃素、B群，或多吃深色蔬菜及喝苟杞水

Kevin老師 也大力推薦他最近的愛用的眼周按摩神器 #冰溫亮眸SPA按摩儀BSC301，可透過冷熱溫度保養眼周，幫助你改善血液循環 ，提升眼周代謝，促進保養品吸收，特別推薦夜間保養採「先熱再冷」，但注意冰敷時間勿過長；白天則可以直接以冷敷提神😉😉😉",0,1
0,139589396215732_798362043671794,0,0,animated_image_share,139589396215732,2017-05-11T03:00:00+0000,"【夏日出門遊玩防曬三步驟☀】
每天都要重複上妝、保養、防曬，
但你知道正確的步驟嗎？

① 清潔保濕要徹底💦
② 使用👉露得清海灘終極防曬隔離乳👈上山下海都能阻絕紫外線
■隱形隔水膜會在肌膚形成一層隱形保護膜，隔水透氣
■Helioplex™高效隔光科技，有效隔絕陽光侵害
③ 畫上美美的妝出門遊玩去🐾

追蹤露得清IG>>https://www.instagram.com/neutrogenatw/
防曬不再遮遮掩掩>>https://goo.gl/3hUavF

#neusummertime #outdoor #neusuncare #露露全台防曬巡迴 #臉部正確防曬步驟請注意 #和露露一起美美地夏日輕旅行",0,1
0,10150152646565646_10158399266225646,0,26,photo,10150152646565646,2017-03-24T09:00:00+0000,"►台灣三洋 X 夏季提升睡眠品質小撇步🛏◄

那個，請問冬天你有來過嗎？
夏天怎麼一眨眼就要來了？

天氣漸漸升溫，吹完頭髮總是上演濕背秀？
房間維持在最舒服的溫度，笑容就能出現最美的弧度👌
 
讓躁動的火氣神隱！不管躺著坐著，隨時都能無線遙控「台灣三洋直流變頻冷氣SAC-V22F/SAE-V22F、創造屬於你的舒爽感！」

🌀超適合小家庭的高溫救星
🌀靜音技術強力升級，靜音‧安眠‧省電一機達成
🌀DC直流變頻壓縮機效能進化，快速調節室內溫度
🌀忽冷忽熱的感覺不再，恆溫舒適感完美達成",7,1
0,604492532912821_1626822844013113,17,223,photo,604492532912821,2017-04-15T12:03:00+0000,"好輪胎就像看電影一樣，
安靜是一種美德。

#認同就用按讚支持參加抽獎",10,1
8,353812734713953_1316450668450150,140,341,animated_image_share,353812734713953,2017-05-08T13:00:00+0000,"Yo！🤘吃品客就是嗨🤘
你能跟上Mr.P的tempo嗎?
藍芽喇叭&KKBOX，讓你跟上節奏🎶

★【上傳截圖+分享】告訴Mr.P你最想要哪一個？",79,1
1839,263705449348_10155518202599349,906,1230,video_inline,263705449348,2017-05-08T10:59:54+0000,"【必勝客首創】冠軍酥香菠蘿芝心餅皮 & 全新 菠蘿金沙奶皇餅皮 一口享受超人氣美味
 
「酥香菠蘿芝心餅皮」咬一口享受酥甜菠蘿與香濃芝心的雙重好滋味，廣受大小朋友喜愛，親子聚會有菠蘿芝心餅皮，讓你一秒變身人氣媽咪！
還有限時推出的「菠蘿金沙奶皇餅皮」，外層酥脆菠蘿外皮搭配內層填入香甜濃郁的金沙奶皇餡，一口咬下享受驚喜的絕配好味！
美味立即享受：https://goo.gl/Kn7aGC
 
即日起至5/16 23:59 前【按讚＋公開分享】「@______@_____一同享受必勝客台灣獨創的[酥香菠蘿芝心餅皮] 跟 [菠蘿金沙奶皇餅皮] ！」",885,1
320,360450250740751_1330828893702877,4071,2489,video_inline,360450250740751,2017-06-27T05:45:29+0000,"【 小米台灣夏季新品發佈會 看直播抽新品✨】
夏天的小米新品來了，觀看直播留言發佈會發表了哪幾款新品，就抽一台小米Max 2！
分享本文邀請朋友一起來看！",951,1
0,601530866559001_1598724910172920,0,0,photo,601530866559001,2017-06-02T12:31:00+0000,"【保健搜查線 § 大腸癌危險因子的生活特徵你有沒有？】
台灣大腸癌佔十大癌症死因第三位，發生率站上第一位，而且是年輕化最快的癌症，年紀最輕的病例已經推進20歲以下。
　
《不要再對新國病掉以輕心》
除了先天帶有大腸直腸癌的遺傳基因，以下這些常見的生活特徵，也會讓你累積大腸癌的危險因子！
　
📌生活壓力大作息不正常
→忙碌生活讓生活緊張壓力大，腸道菌叢被破壞使免疫力降低，產生毒素及發炎
📌喝水少、排便少
→水分不夠，造成腸道水分與蠕動不足，宿便無法排除使毒素累積。
📌膳食纖維吃太少
→每天至少要吃300克的蔬菜，維持腸道健康，水果不能完全代替蔬菜。
📌喜歡吃加工食品
→加工肉品常添加亞硝酸鹽→經腸道作用成為亞硝胺類等致癌物質。
📌長期外食
→食品添加物和高油、高鈉無形中使口味越吃越重，增加腸道負擔。
📌喜歡高溫燒烤與油炸
→肉類和澱粉類食品溫度超過150度，會釋出致癌的化學物質。
📌過量攝取甜食和酒精
→過量攝取糖和酒精，熱量高使人肥胖，也會容易使腺體病變增生瘜肉。
 　
小編提醒您：
如果家族成員有瘜肉症候群或大腸癌病史，應固定到醫院健診，進行直腸指檢或纖維結腸鏡檢查。",0,1
15,164709646910260_1342543532460193,95,3343,photo,164709646910260,2017-05-19T04:01:00+0000,"HTC U11 壓一下，開啟你的想像

你還記得這些特點嗎? 快分享你最喜歡哪一個吧!",146,1
0,758362110876541_1427912030588209,0,6,share,758362110876541,2017-05-19T04:00:00+0000,"🐇今年夏天必備的白T與白鞋，穿起來清新又爽朗，但要保持乾淨整潔可是非常困難滴～尤其台灣多雨潮濕，根本就是白色衣鞋的大敵呀～🤔
跟著小編一起學白色鞋子的清潔小撇步，除了善用牙膏的去漬功能，外出前先使用防水噴霧也是防髒的好方法唷！😉

(文章來源：噪咖)",1,1
5,1536078920006615_1870235353257635,25,1355,video_inline,1536078920006615,2017-04-05T10:00:00+0000,"【Beetle時尚戰火 持續延燒】
八色Beetle現身拉票！
擁有外在風尚，更兼具內在韻味
除了車色，你更該著迷於Beetle的態度本色！
留言告訴哥，2017 Top Beetle，你投給誰？

🚗投票時間從4/3(一)起至4/9 (日) 23:59，我們將於4/12(三)公佈冠軍Beetle！

#福斯也愛玩",28,1
0,384832144896183_1291386980907357,0,46,photo,384832144896183,2017-03-20T10:00:01+0000,"🎉[明治Poifull軟糖-綜合水果/汽水口味]🎉

可愛Poifull軟糖盒裝新登場!
色彩繽紛可愛，小小一盒就有多種口味，
經典水果或是綜合汽水，你喜歡哪個?

#波波軟糖還是poifull軟糖哪個好呢
",0,1
1,126949930763408_731205193671209,5,1629,video_inline,126949930763408,2017-05-24T10:00:00+0000,"吸引無數車迷目光的BMW大5系列－車頭燈演進順序解答為efdcbag，你答對了嗎？
 
一起回味各代車頭燈的設計特色：

第一代E12、第二代E28、第三代E34：
基本的雙圓形設計。

第四代E39：
這代是Chris Bangle設計的首款BMW車型，他為雙圓型頭燈設計了燈罩，2001年小改款後，升級為導引光圈日間行車燈組與乳白色燈眉，因為貌似天使頭上的光環，於是有「天使眼」的稱號，甚至成為BMW的經典象徵。

第五代E60：
BMW設計總監Chris Bangle，將這一代著名的「天使眼」設計革新成一大一小、一前一後的姿態，同時增加了一對亮眼的眉燈，讓車頭燈更顯氣勢。

第六代F10：
延續光環型設計，但在小改款後，頭燈改為上下平底的光環型頭燈。

第七代G30：
將傳統的雙圓形改為六角形線條，並與比例放大的雙腎形水箱護罩緊密相連，呈現更俐落、更具未來感的視覺。

看原始題目：https://goo.gl/h8JpIz",89,1
0,1070545629682214_1488631821206924,0,7,photo,1070545629682214,2017-05-25T02:00:00+0000,"真航空的粉絲@ KwonYoung-O在日本沖繩上空分享了他美妙的照片。
這裡的藍天藍到像是一片汪洋，藍的出現了潛入海底的錯覺……今天，你也想和我們分享你眼中的天空嗎？ 😎",0,1
0,152739014741402_1613267548688534,6,63,photo,152739014741402,2017-03-19T02:30:01+0000,"[週日動動腦]
大家都吃過新品火腿起司了嗎??
猜猜看sal'e是甚麼意思呢?",0,1
10,250846248378675_1008430885953537,29,851,photo,250846248378675,2017-04-07T09:53:51+0000,"2017台崎大會師來了!!!!!!!
本次將於5月20-21於高雄夢時代前廣場與各位車友同歡
報名從即日起至4月30日止
熱血的騎士們今年別再錯過啦(´･д･｀)ﾊ(･д･｀*)
就讓我們製造一場崎跡時代吧
大家一騎來╮(＞▽<)人(>▽＜)╭",66,1
7,1175328232493915_1729593190400747,8,119,photo,1175328232493915,2017-04-07T12:00:00+0000,"靠近一點！
別再呆呆地像塊木頭
現在就等你用手抱緊我~
來來來~讓KYMCO幫你解讀女人心❤
Ⓚ【留言+分享】：
「@(口是心非的朋友)心裡話就給KYMCO替妳說~」",18,1
0,191228817579105_1290501737651802,0,257,album,191228817579105,2017-03-19T11:01:34+0000,"各位朋友
今天你/妳是不是也正在人生無限公司上班？
別忘了打卡喔！",8,1
0,168423776607421_1289516901164764,0,70,album,168423776607421,2017-05-21T05:00:00+0000,"【與IBM一起努力　讓世界更美好❤】
為了實踐IBM的企業社會責任，IBM Coperate Service Corps每年都會開放各國的IBMer，申請到國外擔任志工，運用IBM的企業資源與自身的專業，協助當地解決社會問題。
自2008年推出計劃以來，IBM已經派出來自60多個國家，近3300名的IBMer到全球39個國家，協助當地完成超過1200項的專案囉!!!🎉🎉🎉

今年IBM Taiwan的IBMer── Daphne Lan也獲選至羅馬尼亞參與志工專案
Daphne Lan：「在羅馬尼亞的1個月，我與非營利組織 East Europe Institute of Reproduction Health共事，EEIRH關懷人類最基本的健康與家庭議題，企圖從這個角度幫助其區域（東歐與中亞）人口發展、社會發展等。他們與聯合國以及許多機構組織合作，提供家暴受害人中途之家協助或諮商等。在羅馬尼亞，家庭暴力被認為是「家務事」，受暴者並不一定自覺到受迫害，受害者對於EEIRH的服務不熟悉、信任感亦不足，我們的任務是協助思考如何運用當地高度的智慧型手機持有率（智慧型手機持有率高於電腦，平均每人1.8支），以行動應用的方式對EEIRH的使命提出建議藍圖及行銷溝通計畫!」
",2,1