pid,label,friend_tagg_count,comment_count,like_count,post_type,fid,created_time,message,share_count
210121695693833_1425431174162873,1,0,0,44,photo,210121695693833,2017-05-20T10:00:00+0000,"<< 吃。飯。啦 >>

晚餐覓食3步驟
1. 印出 #中信ATM酷碰
2. 找出最近門市 ▶ http://www.donmono.com.tw
3. 享受香噴噴牛丼 + 卡滋卡滋豬排😋😋

鮮五丼：招牌牛丼+咖哩雪花豬排丼+泡菜牛蒡絲+黃金脆薯+2杯杯裝飲料，特價289元(原價383元)

 🉐任一銀行金融卡都可A好康 ▶ http://bit.ly/13BvhJd
#中信方便家 #中信ATM酷碰 #鮮五丼
#小編肚子咕嚕咕嚕",4
108254199198010_327174721046434,0,95,101,1541,video_direct_response,108254199198010,2017-06-26T10:00:00+0000,"少女心大！噴！發！Hello Kitty萌到爆表❤❤贈品開箱影片完整公開！
搶贈品點這>> https://goo.gl/dzH5Kf
#雅芳 #AVON #新活恆白 #送HelloKitty",222
247279973061_10154371188943062,0,0,0,28,photo,247279973061,2017-03-23T12:52:00+0000,"【 #日立冷氣 #一起愛地球 】
每天沒買一杯手搖飲料就渾身不對勁💦💦💦
台灣是手搖飲大國，產生的吸管、塑膠杯、塑膠袋等一次性垃圾數量也非常驚人。
從今天開始自備環保杯吧！很多手搖飲料店都有提供自備環保杯的折價優惠，幫助垃圾減量的同時還很時尚唷👍",1
164709646910260_1318539138193966,0,1,14,914,photo,164709646910260,2017-04-22T09:26:00+0000,"#世界地球日 身為全球手機產業創新與設計領導者，HTC明白只要能減少手機製造過程中對環境的影響，就能跟廣大的消費者一起，為地球環境作出貢獻 ！ 
也因此，HTC提出「永續議程」概念，將環境永續理念化為行動，致力於掌控及減少營運對自然環境所造成的影響！

你今天也做了什麼愛地球的行動呢？ 
分享給大家知道吧！

http://www.htc.com/tw/csr/sustainability-agenda/",17
1150749768293001_1434841453217163,1,1,8,64,photo,1150749768293001,2017-03-17T10:02:19+0000,"【🔔日本銷售NO.1 Ariel全聯特價$149】
許多粉絲都說用過Ariel洗衣精就回不去了，現在全聯也有優惠囉! 👏
即日起~4/6，Ariel超濃縮抗菌洗衣精(1kg) 只要$149，快跟小編一起囤貨吧!!!

#ARIEL #50倍抗菌 #日本銷售冠軍 #洗衣科學",4
354389870307_10154348222795308,0,0,2,111,photo,354389870307,2017-05-19T00:30:01+0000,"【累積飛行里數】

大家都知道累積里數、用里數兌換機票及住宿的好處。但是要怎麼樣才能累積飛行里數？在訂位時，會員就可以將自己的會籍號碼輸入在訂位紀錄中，於機場辦理報到手續、或托運行李時，可以請地勤人員再次確認、或是補上會籍號碼，這樣起飛時就可以開始順利累積飛行里數了。
 
申辦會籍：http://asiamil.es/1feQbIP",7
1025203670852550_1521165057923073,0,3,4,0,photo,1025203670852550,2017-06-16T12:00:00+0000,"❤ 妙招寵寶貝❤一次搞懂 新生兒夏天怎麼穿才是最好

寶寶的體溫調節系統還沒發育成熟時，悶熱的夏天容易悶出一身汗，體溫也跟著升高，讓媽咪們好擔心～到底越來越炎熱的夏天，該怎麼幫新生兒穿衣才是剛剛好呢？流汗和長痱子又該如何照護？寶寶是否需戴墨鏡，以防紫外線傷害眼睛呢?

👉看小兒專科張璽醫師的分享→https://goo.gl/CXPR7j
👉看完專業分享後，爸比媽咪還想知道甚麼寶寶照護小妙招嗎？快快留言跟妙妙兔說吧！

#妙而舒 #Merries #妙招寵寶貝",0
223623887656120_1544846472200515,0,0,3,427,photo,223623887656120,2017-05-11T13:00:00+0000,"#ThrowbackThursdaywithAudi
Audi百年造車工藝，完美體現在Audi A5身上，
上一代的A5 Coupe獲得德國“設計奧斯卡”大獎
之稱的「2010 Design Award」。
而全新世代的Audi A5 Coupé，
更是榮獲2016年歐洲金舵獎「最佳轎跑車」獎項，
和Euro NCAP 撞擊測試5星頂級安全殊榮！
#AudiA5的設計與安全世界有目共睹",9
180390341995122_1785367504830723,0,0,0,13,share,180390341995122,2017-05-04T12:35:00+0000,"分析了來自上百萬旅客評語中的 1 億 4 千 8 百萬個句子，
我們發現了完美的飯店方程式！
F25 + C35 + B10 + P2 + Q + Br + D7 + S + W + ½H = 完美飯店
看起來超複雜有沒有？😆
其實很簡單啦！
點這裡就可以解開完美飯店的秘密 👇
http://bit.ly/2pzAANy

#飯店專家",0
333109469102_10154433321494103,1,6,13,421,photo,333109469102,2017-03-24T10:00:00+0000,"☔ \\下雨不愁// 摩登樂遊傘 送給你！
📣CLUB TIMBERLAND會員FINAL CALL
即日起~3/28止，金綠卡友獨享，單筆滿萬就送「砰然」開啟摩登樂遊自動傘!

-限金綠卡友獨享
-數量有限，送完為止

#明天下雨天 #傘面超大下雨不怕 #MadeForTheModernTrail #TimberlandTW",5
1398100367093685_1899586590278391,0,1,1,692,photo,1398100367093685,2017-03-31T11:00:05+0000,Dinky手袋揉合波希米亞風格及輕快搖曳麂皮流蘇，打造自由灑脫的浪漫風尚。瀏覽Dinky手袋系列商品 http://bit.ly/2ooyfT2,6
442235892477072_1472077159492935,1,12,21,907,video_direct_response,442235892477072,2017-04-03T02:00:00+0000,"【G-Dragon百變演釋！全新GD時尚演繹限量版輕盈登場】
GD造型百變，舞台魅力爆發，怎麼可以被黏膩感拖垮？
沙宣零感輕盈洗潤系列，0矽靈配方，同時深層清潔+修護
讓秀髮零感輕盈，注入時尚活力！
【📢抽GD潮品】購買沙宣全系列商品滿$499，加抽GD人形立牌(5名)、托特包(10名)、海報(20名)
#沙宣 #全新0矽靈輕盈洗潤系列 #GD時尚演繹限量版 #沙宣XGDragon #BreaktheRules #GDRAGON #權志龍 #TWVIP",30
163584773850525_651965441679120,1,1,9,39,photo,163584773850525,2017-05-20T04:00:00+0000,"【Bosch@Now】Bosch 活動中獎公佈 快看你是不是就是那位幸運兒！

． Bosch 幸福時刻 送馬克杯組（5名）
周O莉
LOOu WOOg
VOOOy FOn 
鄭O渝
許O珊

． Bosch 幸福時刻 送Le Creuset 24cm 鑄鐵鍋（1名）
WOn LOOg LOn

． Bosch 幸福時刻 送WMF 壓力鍋（1名）
米O可

． 王安琪老師 Live直播分享 送「新書【打發，基礎的基礎】」(3名)
張O容
EOOOe SOOn
TOOcOOOg COOn

主辦單位將於5/22(一)聯繫得獎者，得獎者需在5/26(五)中午12:30前以 FB 私訊方式回覆領獎所需資訊，包括真實姓名、電話、mail及郵寄地址。期限內未傳送所需資料或傳送資料有誤、不完整，則視同放棄得獎權利喔！",2
398020373782_10155295117903783,1,5,17,5576,photo,398020373782,2017-05-03T10:00:00+0000,"立刻尋找--附近指定販售Premium熱炒店!
購買4瓶Premium極賞啤酒，
透過台啤促銷小姐，即可獲得【極賞刮刮卡】!
大阪來回機票、新潮公路車等大獎盡藏在酒杯中!

詳細活動辦法: https://goo.gl/p4J8UI

※本活動由台啤促銷小姐執行，派駐時段以現場安排為主。
#台灣啤酒 #PREMIUM極賞啤酒 #春有極賞出遊大阪
（台灣啤酒提醒您 酒後不開車 未成年請勿飲酒）",47
537090766308350_1776024535748294,1,4498,1574,2040,photo,537090766308350,2017-06-21T11:07:08+0000,"【分享食刻🎉來抽冰沙果汁機】
大師系列果汁機，消費者體驗活動來囉！6/24起，伊萊克斯將於北中南的百貨公司，舉辦玩味煮義-Winnie范麗雯的廚藝課程。屆時購買大師系列果汁機也會有特別優惠喔！

👉👉活動辦法：
✨6/25前，分享本文並Tag三位好友，即可抽EBR3216冰沙果汁機！

👉👉課程場次時間：
§ 北區 6/24 (六) 14:00-16:00 板橋大遠百 7F 玩食坊
§ 中區 7/1 (六) 14:00-16:00 台中大遠百 北棟 9F 玩食坊
§ 南區 6/25 (日) 14:00-16:00 台南新光三越 新天地 B1F A區 Family Kitchen

👉👉授課老師：玩味煮義-Winnie范麗雯，身兼超人氣部落客、作家、廚藝教室老師，著作«經典義大利料理»、«料理名人的世界»、«一團到底做烘培»…等

👉👉示範料理：
薄荷鳳梨冰沙、家傳蘿蔔糕、山藥櫻花蝦煎餅、地瓜豆腐團子",1658
134004310003557_1520121918058449,1,5,42,617,photo,134004310003557,2017-05-08T04:00:00+0000,"【體　感　溫　度　爆　表】
體感溫度90度到底是能有多熱？
為對抗熱浪而準備👉 https://goo.gl/2KCXX8
　　
英國研究顯示，今年夏天太陽直逼核爆等級！
紫外線猶如生化武器，體感溫度直逼90度！
不僅過量，甚至到了危險程度！
　
專家指出
出門每吸一口氣就會有99%的中暑機率
人行道上每分鐘就能煎好一塊8分熟牛排
每0.005秒就會有87萬人因為高溫而暴怒
提醒民眾除了注意防曬，還要注意防渴！
　　
全聯因應此趨勢
飲　料　全　面　6　折　起 ！
　　
#全聯 #飲料
#90度有多熱就是比85度多5度
#邊查證記得邊配一杯涼的喝
#出門呼吸都要很小心
#有唬爛根據無科學根據
#咬我啊",11
686520461516680_746184218883637,0,0,4,171,photo,686520461516680,2017-05-23T15:11:03+0000,"報告總經理！
我只是順手拍下同事照片，然後就不小心被用到全亞洲當作板牆的輸出畫面惹；可是我有取得同事的肖像使用授權喔 (^_^)v
-
舒跑 運動你的道理小編別哭哭，北編送包包給寶寶
#背殺我同事 #想認識請喊右 #台灣之光 #肖像權愛注意",0
344867628859850_1577627282250539,0,0,0,15,album,344867628859850,2017-05-07T12:30:00+0000,"踩出你的時尚品味！
繽紛色調高跟鞋，匹配的高跟鞋提升穿搭品味
時尚奢華>>http://bit.ly/2pK6isf",1
77322222971_10154717680332972,1,0,0,0,photo,77322222971,2017-05-31T12:30:00+0000,"#Acer遊戲王 #Acer粉絲召集令 #搶救錢包計畫_PART2 
#留言加完成問券就抽筆電
　
Swift這樣用94潮！
☑輕鬆玩．輕鬆追｜來當飛盤狗狗也方便接XD
☑光滑金屬質地｜喵咪夏天散熱舒適超好眠
☑超薄14.58mm｜當菜刀江江好
☑超輕1.36kg｜當球拍 使用毫不費力
　
——搶救錢包計畫｜PART 2：留言加完成問券就抽筆電——

活動時間：5/31(三) ~ 6/9(五)　得獎公佈時間：6/17(六)
活動獎品：PART 1｜粉絲票選最高人氣筆電 Swift 1(乙台)
活動說明：
STEP1：留言寫下最kuso的筆電用途
STEP2：填寫好運旺旺問券👉 https://goo.gl/vc3csM
STEP3：等待Acer評選結果，6/17(六)將公佈得獎名單於Acer粉絲團

※注意注意！需兩階段活動都參加才具備抽獎資格喔

#完美編
　
————————　備註說明　 ————————

※　搶救錢包計畫活動獎品採隨機顏色出貨，得獎者不得指定顏色。

※　Acer保留最終核准與否及活動變更/修改或終止本活動之權力，恕不另行通知。

———————　繳納稅金說明　———————

※依中華民國稅法規定，獎項價值NT$1,001元(含)以上者，需繳交身分證影本供報稅使用，並於次年列入本年度之個人綜合所得稅申報，Acer將不再另外寄發紙本中獎所得扣繳憑單。

※獎項價值超過NT$20,000元時，依法需預先繳交10％機會中獎稅金，中獎者若非中華民國國境內設籍之國人(即在中華民國境內居住未達183天之本國人及外國人)不論中獎者所得之金額，須就中獎所得扣繳20%機會中獎稅。得獎者若不願意配合，則視為自動棄權，不具得獎資格。

※本次活動中獎者同意依台灣相關稅法規定繳納稅捐，並同意Acer得依相關法令代扣(繳納)相關稅捐。",0
338609223165_10155254376073166,1,0,1,214,photo,338609223165,2017-04-26T12:00:00+0000,"【 VOLVO 與您的影中時刻 － 花漾春盛宴】
上傳照片活動得獎名單公佈！
讚數最高得獎者是 ➨ ChienLiang Chen 
小編特選得獎者是➨ 賴俊華 

恭喜得獎者！請記得在 2017 / 5 / 25 (星期四) 晚上12:00 之前，將收件人基本資料私訊本粉絲專頁。 (若逾期則以棄權計，另以讚數次高得獎者遞補)

■得獎者如若未於指定時間內提供基本資料或未提供及提供不實個人基本資料，視同放棄得獎權利並自負其責，恕不補發獎項。■基本資料包括 : Facebook ID、收件者、寄件地址、連絡電話，(ex. David Chou.、周小明、台北市忠孝東路一段一號一樓、09xxxxxxxx) ■本活動辦法、獎項、訊息以公佈於 Volvo Car Taiwan 粉絲頁的資料為準，活動贈品以實物為準，如遇不可抗拒之因素，VOLVO 將保留更換其他等值獎項之權利。 ■ 參賽照片日後會統整成為粉絲團相簿之素材 ■ 照片獲選未來有素材需求時會另行聯絡得獎者提供檔案 ■ 如上傳有人像之照片視同放棄肖像權 ■ 參加者應確認擁有作品著作權，不得使用侵權之疑的圖像或複製他人作品。■ 國際富豪汽車保留修改本活動之權利。
#Volvo #VolvoTW #VolvoMoment",4
121641016343_10154520945206344,0,0,0,49,multi_share_fixed_text,121641016343,2017-04-18T08:32:48+0000,"還記得十年前的自己是什麼模樣嗎？ 
你希望十年後的自己看起來如何呢？ 
快點開網頁，看看人氣網紅 Angelina 與 知名藝人 路嘉欣  (Chia-Hsin LU)  
如何改變自己 #無畏時間 

#逆轉十年肌齡 #超進化黃金導航膠囊",7
110532347014_10154312121002015,1,0,2,123,photo,110532347014,2017-04-28T04:00:00+0000,"週末還沒有行程嗎？那就約媽媽一起到百貨公司購物去吧！👛
資生堂國際櫃歡慶母親節，品牌日加碼贈！🎉
於4/29 – 5/1至櫃點單筆消費任乙品（可含特惠組），立即加贈明星抗老商品：百優三次元回溯激活霜7ml (價值588元）🏆，實現拉提、緊實、撫平深層細紋三重願望，幫助肌膚對抗歲月痕跡，和媽媽一起體驗青春美肌！😚

＃母親節特惠
＃百優科技
＃資生堂國際櫃
＃我美我定義",9
286146600001_10158674055215002,0,4,25,313,photo,286146600001,2017-04-28T11:00:00+0000,"【天蠍計畫】
✅原生4K遊戲
✅6 Teraflop影像效能
✅HDR高動態範圍影像遊戲及娛樂
✅4K UHD blu-ray 播放功能
了解更多：http://bit.ly/2orDjqkXboxAsia
#ProjectScorpio #開始累積你的4K遊戲庫",14
267654926582726_1685097354838469,0,0,2,50,photo,267654926582726,2017-05-15T04:10:00+0000,"ASICS STORE TAIPEI 台北旗艦店課程首次推出女性最愛 皮拉提斯

充滿能量的慧文老師，本周四晚間與喜愛皮拉提斯及瑜珈的女性，一起放鬆身心，體驗肢體全面的放鬆和伸展。

5/18(星期四) 19:00 ，1.5小時的皮拉提斯課程，持續報名中。
報名電話→ (02)2778-7819
台北旗艦店：台北市敦化南路一段165號
更多女性訓練商品→https://goo.gl/44Cj8B",1
145649977189_10154396810212190,1,49,55,1073,video_direct_response,145649977189,2017-04-24T09:24:20+0000,"拉拉熊 / SNOOPY / LINE FRIENDS的粉絲們看過來~~
超人氣卡通明星都跑到Brother標籤機上囉
清晰簡單的介面容易操作
讓你輕鬆創作專屬於你的標籤貼紙
4月底前來ibon mart下單現折$200喔!",47
270750529766166_732448016929746,0,52,143,6360,share,270750529766166,2017-04-09T04:00:14+0000,"最狂的ALL NEW GRAND LANCER
就要找最狂的網紅來試駕
狂到讓我們祭出獨門配備「阿斯拉高質感火箭推進器」
ALL NEW GRAND LANCER的究極型態居然就這樣被公開了呀......
真有你的！皮卡忠！
 
立刻超越阿斯拉>>  https://goo.gl/jWoH9o
GRAND LANCER究極型態之秘>>  https://goo.gl/wEYs8P　
 
#Mitsubishi #中華三菱 #GRANDLANCER #鋼の探偵",0
1506514762998978_1793131057670679,0,0,0,24,animated_image_share,1506514762998978,2017-04-26T13:05:16+0000,"【第八屆花王兒童環境繪畫比賽 報名開始】
愛護環境，人人有責，身為未來的主人翁，
更需要思考環境保護的重要！
讓我們一起從繪畫中學習如何守護地球~

誠摯邀請台灣各地的小朋友們，
來報名參加國際兒童環境繪畫比賽，
如果獲得「eco together」-地球大賞，
或「eco together」-花王賞的優勝，
花王(台灣)還將邀請您一起到東京參與頒獎典禮，
得獎作品也會在東京國際展覽中心展出喔！

快來一起eco together！

詳細活動辦法與報名請至 → https://goo.gl/5DrFw5

#花王 #微笑心生活 #繪畫比賽 #兒童 #eco",4
109606182471355_1221057104659585,0,0,0,204,share,109606182471355,2017-04-17T02:58:42+0000,"Enduro套件提升了其本身的越野本領

套件包含：霧燈組（由Touratech製造）、引擎保護桿、鍊條下護版、後煞車碟盤護版、油冷排護網、水箱護網

更多Multistrada改裝部品
https://goo.gl/1aYMnu",2
121431141207349_1721167841233663,1,0,1,21,photo,121431141207349,2017-04-11T02:30:00+0000,"【十五拜拜來頂好 滿300賺30】
又到月中了，
這個月祭拜了祖先，神明也別怠慢呀~
好好感謝神明平常的保佑吧!👏👏👏
必拜好物推薦給你們--
⭕愛之味 妞妞
珍珠圓/甜八寶/蒟蒻紅豆粉粿 任選6罐$119
⭕黑松
沙士1250ml 2瓶特價$59

還有還有，
滿$300再賺$30，買越多賺越多!
買供品也要精打細算~

#拜拜來頂好 #眾神都說好 #頂好",2
124566150889508_1480403628639080,0,0,1,124,video_inline,124566150889508,2017-04-02T15:00:58+0000,"【高空三萬英呎生日趴】
搭飛機還可以參加生日Party✈✈✈
這次的機上的生日驚喜活動大成功！壽星一家人跟乘客們都笑嗨嗨 (小妹妹太可愛♥️小編已融化)
只要搭乘我們航班～下次的驚喜活動主角說不定就是你 👉🏻👉🏻👉🏻

#AirAsiaTIME 
#萬呎高空生日趴
#妹妹好萌",6
324273577645211_1579583368780886,1,9,10,270,photo,324273577645211,2017-04-28T01:44:50+0000,"【🎊 派對&歡慶 必殺絕技 🎊】

澎湃主餐😍 + 多樣炸物😘 + 好吃甜點😁
豐盛大餐的三種願望，🔥派對狂饗烤全雞餐🔥一次滿足! 
不論是部門聚會，歡慶母親節👩，或是狂歡派對
烤全雞/ 拼盤/ 蛋撻一上桌，氣氛瞬間引爆🎉

🌈同場加映KFC母親節預購活動:
即日起至5/22止，在網路上一天前預購 外送 或 外帶 滿$650，
再加贈好禮二選一滿額兌換券*唷!!

桌上有隻烤全雞，就是狂!🎁>>https://goo.gl/8nKEsZ

🎀活動說明🎀:
1. 烤全雞現點現烤，需提前90分鐘預訂
2. 好禮二選一滿額兌換券，可於下次消費外送或外帶滿$550時，免費兌換原味蛋撻禮盒一盒 或 十二塊上校雞塊

#母親節就是要吃烤全雞阿不然要幹嘛
#讓你豐盛的不要不要的
#看見雞的泡爾",18
1158410500878601_1204810082905309,0,0,1,27,note,1158410500878601,2016-09-30T04:15:42+0000,【熱炒打鐵 三人成虎】 啤酒試飲數量倒數!,2
304834096975_10154363624716976,1,51,845,2126,video_inline,304834096975,2017-05-01T04:00:00+0000,"【#一瞬千言萬語小劇場 - 為了五斗米…】
平凡瞬間在我眼裡超有態度！
米香為什麼發出了清脆的哀號聲…
用 Xperia XZs 超級慢動作就看得到！

上一篇：https://goo.gl/9ejAjo
下一篇：https://goo.gl/9aCh9R
更多XZs功能> https://goo.gl/pi3DLn
#全球首支960fps超級慢動作錄影手機
#超越每一種想像
#XZs實機拍攝

※ 5/19前【公開分享】任一則小劇場影片, 即可抽最新旗艦機 Xperia XZs !!! 活動辦法請見第一則留言。",1287
247279973061_10154394959713062,0,1,2,114,photo,247279973061,2017-04-01T13:36:30+0000,"【#日立冷氣 #愚人節真心不騙】
這是粉絲Nicole Hua在北海道阿寒湖邊拍的^_^
「到日本也不忘合照～雖然是台灣沒有的機型QQ」
這種把日立冷氣放在心裡的精神好棒💓
大家來幫這位可愛的小粉絲按個👍🏻把～",1
199628516771785_1512847278783229,1,4,7,750,video_inline,199628516771785,2017-06-23T09:10:38+0000,"M&M’s角逐蜘蛛人試鏡，又要鬧出什麼笑虧了???

『M&M’s超有戲』正式開跑👉👉  goo.gl/QLUoxL
喜歡蜘蛛人的冰友注意啦!!! 只要上傳手持M&M’s任一包裝，並模仿蜘蛛人姿勢，就有機會獲得PS4 Pro+VR、SONY手機、威秀電影票….等大獎 #注意 若持購買M&M’s任一包裝發票登入，中獎機會直接提高三倍喔!!!!

 ＃蜘蛛人返校日 ＃mm超有戲 ＃看電影配mm",29
131307770301236_1280937662004902,0,0,0,291,share,131307770301236,2017-05-28T10:00:00+0000,"眉毛可別亂畫⚠4種臉型X眉型一次告訴你
眉型教學→https://goo.gl/u6bZIC
還在畫韓妞平眉？嘿～你知道有更適合自己的眉型嗎🤔
圓臉、心形臉、長臉、鵝蛋臉~各有自己獨特的眉毛畫法唷！
畫出一些小改變就讓你看起來更完美呢(´ΘωΘ`)",38
56247409725_10155355728429726,0,0,0,15,share,56247409725,2017-05-08T14:39:00+0000,"塔拉來囉～！！
初夏來臨，節氣轉換也帶來許多嶄新能量～",0
586458848112855_1326664474092285,1,38,23,545,video_direct_response,586458848112855,2017-04-13T04:00:00+0000,"【一起飛 賞你飛  正式開鑼】
開始囉！開始囉！開始囉！

捷星台灣由今天起，2星期不間斷地天天抽獎天天送獎。
立即進入 twcampaign.jetstar.com/FlyNow 參加抽獎！
把握賞飛機會，也要分享給身邊好友一齊參加啊！

簡易3步參加方法：
Step 1: 
進入抽獎網頁
Step 2:
點擊「立即登機賞你飛」按鈕
Step 3:
另外，凡於每天指定賞飛時間進入網頁，即額外賞你多一次抽獎機會
是日賞飛時間－7月13日 峴港  BL163 中午12:10 至下午 1:10

獎品包括：
兩星期不間斷日日賞－台幣$1,200捷星機票禮劵 (名額300個)
賞你飛終極大抽獎－台幣$40,000捷星機票禮劵 (名額1個)

敬請持續關注本頻道，不定期放送搶贏攻略。

#一起飛賞你飛 #FlyNow #捷星台灣 #JetstarTaiwan #精彩由低價開始
*須受有關條款及細則約束。",48
259676855661_10154745402345662,0,0,0,169,album,259676855661,2017-06-27T05:53:50+0000,"Mos Burger「羅斯福路店」😘重新開幕✨✨✨✨

最近經過門市有沒有感到煥然一新呢，門市溫馨的色調，整潔的用餐環境，moskon下班都想去店裡休息一下~🍵🌸

門市電話:(02) 3365-2482
門市地址:台北市羅斯福路三段233號",4
211290688970664_997954933637565,0,0,1,16,album,211290688970664,2017-03-24T09:30:00+0000,"【青島啤酒X台大南友之夜】

哥喝的不是酒，是『青』春。
不管你抓的是青春的門票、還是青春的尾巴。
走吧~青島啤酒在台大南友之夜跟你乾一杯。

人生總是不如意，來箱青島全忘記  -青島啤酒-

禁止酒駕。酒後不開車 安全有保障",0
56247409725_10155285327509726,1,0,0,13,share,56247409725,2017-04-17T11:48:00+0000,"小禮堂全館８５折～
按壓式棉花棒罐現在買更划算！！",0
1589628787966129_1838467049748967,0,2,9,294,photo,1589628787966129,2017-04-15T12:30:03+0000,"狂傲，就是我的 DNA.  
#FENTYxPUMA 春夏新作叛逆襲台",7
325487968316_10154692985308317,0,0,0,6,share,325487968316,2017-06-26T00:30:05+0000,"VR (virtual reality) 發展快速，已經成為各行業的發展主要方向，對於數位行銷人員來說，如何應用最新的VR技術融入自己的業務中並且創造獨特的客戶體驗，都是未來必須突破的關卡。
http://pnw-b.ctx.ly/r/5ppdo",0
586458848112855_1287396271352439,1,3,3,267,album,586458848112855,2017-03-03T02:48:14+0000,"【限時好康】今日上午11時正開賣!

澳州新西蘭內陸機票低至澳幣$19起!!! 售完即止!
立刻加一程去沖浪🏄 賞雪⛄️餵食😝看歌劇🎶!!!

訂票網址: http://www.jetstar.com/tw/zh/home

#這不是日本 #偽文青之選 #行李加至40kg帶上全套自家裝備

(圖片來看網絡)",8
159761263417_10155204922038418,1,1213,425,422,video_inline,159761263417,2017-05-16T12:00:00+0000,"【#限時28小時】Lamigo球票大贈送!!! 👏
即日起~5/17，分享這支影片+Tag 3位好友，就送Lamigo球票2張，快Tag朋友跟小編一起到現場幫Lamigo加油吧!!! 📣

【活動說明】
活動時間: 5/16(二) 20:00-5/17(三) 23:59
活動內容: 分享這支影片+Tag 3位好友「跟吉列一起幫Lamigo加油」，就送2張5/21 Lamigo球票(西下A區)，限前150名，要搶要快，送完就沒囉!
👉記得""私訊""小編以下資料，才能寄票呦😉
姓名：
手機：
住址：

#限時28小時
#好東西就是要跟粉絲分享
#數量有限送完為止

 ⛔注意事項  ⛔
1.留言時間需在2017/5/16 20:00~2017/5/17 23:59，其它時間視為無效，一人限領一次(兩張)，座位隨機不能指定。
2. 活動截止日為2017/5/17 23:59，獎品若提前送完，活動會提前結束，且會於官方粉絲團公告。
3. 獎品會統一於5/18寄出，得獎者需私訊小編""收件者/寄送地址/聯絡方式""，活動單位寄出前會以簡訊通知，在通知領獎過程中，如因非可歸責於協辦單位之事由造成延遲、錯遞、遺失者，協辦單位概不負責。獎品於領取後，如遺失者恕不補發。
4. P&G寶僑家品保留擴大、修改、取消、終止該活動以及更改活動截止日期的權利，無需做出解釋或事前通知，但會公布於活動網站。
5.服務專線：0800-20-40-60，週一至週五9:00~12:00, 13:30~17:30",395
216988328448158_801616366652015,0,0,8,263,album,216988328448158,2017-04-17T13:30:00+0000,"DriveGuard上市後，許多消費者安裝試乘後回饋超！好！用！
小編請普利司通連鎖店老闆蒐集各式好評，一起分享給大家啦👇👇👇",10
1444147462524873_1887675618172053,0,0,0,34,album,1444147462524873,2017-05-19T05:00:00+0000,"【Expedia #新飯店推薦-🇰🇷首爾江南多米飯店】
首爾江南新選擇就在這兒👉>>https://goo.gl/lzU9A0

位於首爾江南區，購物觀光樣樣來😍
便利的交通，👣只要走幾步路就抵達捷運站🚇，想要輕鬆玩首爾，這絕對是您最佳選擇❗️

🏨而飯店提供的多種高級奢華服務也一定要嘗試✨
▶️SPA服務，釋放您旅途在外疲憊的身心靈😌
▶️高級餐廳，用料實在又精美，絕對滿足您的味蕾👄
▶️旅遊諮詢&購票服務，輕鬆玩首爾不費吹灰之力😏
▶️行李寄放服務，出遊就是要一身輕的自在☺️

🇰🇷首爾江南新選擇，非首爾江南多米飯店莫屬❗️

#用Expedia聰明玩世界 #旅遊的起點",1
286146600001_10158548097890002,0,1,1,121,photo,286146600001,2017-04-04T06:16:18+0000,"【兒童節快樂】
只要有Xbox，天天開心玩得像孩子！
#XboxOne #ChildrensDay #今天我8歲",5
142816435924517_612933432246146,1,91,1436,1460,photo,142816435924517,2017-05-17T09:30:07+0000,"【創新潮流在星展，留言抽電影票】
🎉星展BusinessClass與Google攜手合作
解析數位趨勢、解密集客策略
😃讓展編和當天出席的朋友們滿載而歸
未來，也將不斷推出豐富的創新課程內容👏
快告訴展編，您最希望跟上什麼樣的創新潮流〜

Step 1. 請按「星展銀行官方粉絲團」讚
Step 2. 說出您未來最希望星展推出『金融創新』、『數位創新』、『科技創新』或其他何種創新課程內容？Ex.「我最希望能學習科技創新課程，利用科技去幫助弱勢族群，讓社會變得更美好〜」
Step 3. 分享此篇貼文，即可抽威秀電影票一張〈共抽出 5名〉

活動期間：即日起至2017／05／26晚上11:59，得獎名單將於2017／06／02下午3:00前於星展（台灣）臉書官方帳號公佈。

活動辦法請看這：https://goo.gl/fjTlwK
#星展銀行 #星展BusinessClass #數位行銷",1476
168423776607421_1269479513168503,0,0,0,124,album,168423776607421,2017-04-28T10:22:00+0000,"【IBM X 淡江大學 X 智慧機器人】
這裡有會寫字，還能踢球射門和舉重的智慧機器人！
為因應科技潮流所帶來的需求，
AI科技龍頭IBM一向在培育國內人才上不遺餘力，
今天台灣IBM便宣布與淡江大學攜手合作，
共同培養AI人才 (y) (y) (y)

記者會上淡江大學智慧自動化與機器人中心的研究團隊展示了與IBM Watson合作的優異成果，
一起來看看現場的照片吧 ：）

#淡大的同學快來tag朋友
#IBM #TKU #IBMWatson #AI #淡江大學",22
189155207824587_1481226631950765,1,0,0,48,share,189155207824587,2017-04-20T13:00:00+0000,"Hi-Res耳機家族新成員！2017好評新上市✨
Pioneer【SE-CH5BL】Hi-Res 平衡端子入耳式耳機
完美支援 👉「頂級Hi-Res音樂播放器XDP-300R」
全新研發驅動器 ，讓強勁低音與明亮高音，盡情掌握 😍

🎵「連結平衡端子輸出的音樂播放器」帶來更寬廣的音域享受！
🎵「AirFlow Control Port」提升中低頻範圍的清晰度 ，維持音調平衡
🎵「獨特噴嘴指向設計」讓聲音更清晰地直接傳到耳中
🎵「2層金屬噴嘴」創造更強勁有力的重低音
🎵「耳掛式線材」能配合各種耳型，方便配戴、減少噪音 
🎵「分離接地」改善整體聲場，呈現更好的左/右聲道分離表現！

㊙ XDP-300R現在還有限時優惠唷👉http://goo.gl/Wtv59A

#PioneerLIfe #玩響潮流
#SE_CH5BL #Hi_Res耳機家族新成員 #平衡端子 #入耳式耳機 
#2017好評新發售",2
537090766308350_1708671645816917,0,1,1,247,video_direct_response,537090766308350,2017-04-28T12:00:00+0000,"【伊萊克斯 x 江振誠】私心料理
不加一滴水完全保留蔬菜的養分，享受百分百翠綠。
 
【乾式烹調 海藻奶油蘆筍】
青脆的蘆筍，用伊萊克斯Sous Vide機，一鍵真空處理，馬告瞬間入味，獨特的「無水川燙」，全程真空烹調，保留食材的新鮮和營養！
goo.gl/SdCafM

#江振誠 #私心料理 #伊萊克斯
 
星級名廚江振誠料理必備→goo.gl/K8VVMK",47
145649977189_10154396281362190,1,8098,2954,10630,photo,145649977189,2017-04-25T04:01:00+0000,"【大家來找茶  番外篇 #數學來找茶】
2X+Y=6 Y-X=3 數學好難沒關係
看的出來X和Y就好!(疑~提示太明顯

👀5/1 前留言搶答：圖片中哪裡怪怪DER? 👀 
留言＋公開分享
「＠____＠____＠____7-11極致好茶賞 番外篇數學來找茶，答案是____________」

就有機會抽7-11商品卡1000元(共1名)
(5月底公布7-11官網)
提示： 有專心看文案的就知道
極致好茶賞優惠中: https://goo.gl/yzVv4i

＃有好眼力還要記得tag好友
＃買到的朋友請喊右!
＃所以奶茶
＃純粹喝
＃7ELEVEN極致好茶賞 
＃小編出題等你來挑戰 
＃大家來找茶點燃你的找碴魂",2328
258085240900524_1465888526786850,0,0,0,700,video_inline,258085240900524,2017-03-26T12:10:00+0000,【#1定很暖心】謝謝熱心的民眾還有警察先生的幫忙，看到這麼溫暖的訊息，心也跟著暖起來了！😊,0
159761263417_10155034346873418,1,1842,672,585,video_inline,159761263417,2017-03-22T10:00:00+0000,"【#粉絲限定】Lamigo球票大贈送!!!  👏

即日起~3/28，分享這支影片+Tag 3位好友，就送Lamigo球票2張，快Tag朋友跟小編一起到現場幫Lamigo加油吧!!!  📣

【活動說明】
活動時間: 3/22(三) 18:00-3/28(二) 23:59
活動內容: 分享這支影片+Tag 3位好友，就送2張4/2 Lamigo內野區球票!

#好東西就是要跟粉絲分享
#事不宜遲先Tag朋友再說
#數量有限送完為止

 ⛔注意事項  ⛔
1.留言時間需在2017/3/22 18:00~2017/3/28 23:59，其它時間視為無效，一人限領一次(兩張)，座位隨機不能指定。
2. 活動截止日為2017/3/28 23:59，獎品若提前送完，活動會提前結束，且會於官方粉絲團公告。
3. 獎品會統一於3/29寄出，得獎者需私訊小編""收件者/寄送地址/聯絡方式""，活動單位寄出前會以簡訊通知，在通知領獎過程中，如因非可歸責於協辦單位之事由造成延遲、錯遞、遺失者，協辦單位概不負責。獎品於領取後，如遺失者恕不補發。
4. P&G寶僑家品保留擴大、修改、取消、終止該活動以及更改活動截止日期的權利，無需做出解釋或事前通知，但會公布於活動網站。
5.服務專線：0800-20-40-60，週一至週五9:00~12:00, 13:30~17:30",651
333338480975_10154538352745976,0,0,1,585,photo,333338480975,2017-05-28T04:30:00+0000,"◤【百變山岳】優選作品分享◢
巍峨的山巔稀稀落落的灑下棉絮般的白雲
逐漸消融的餘雪下鋪著是廣袤的草地，
無論天氣變化，大地依舊堅韌而壯麗
青山仍然翠綠而鮮明

【拍攝幕後故事】
合歡山一年四季都有每個季節的美，尤其是下雪過後，積雪融化還剩餘一些殘雪時的景象更是美麗。

感謝粉絲 <黃榮群> 精彩照片
EOS 5D Mark II + EF 16-35mm f/2.8L II USM
光圈 F10 ，感光度 ISO 100 ，快門 1/10 秒

#CanonTaiwan #優選作品 #百變山岳 #山谷 #雲霧 #山景 #合歡山 #殘雪 #valley #mountain",1
131580750222123_1385209908192528,0,0,4,7,photo,131580750222123,2017-04-30T11:31:29+0000,"大狼，屬於自己的格調！

照片來源：SB300大野狼騎士團

#SYM #三陽機車 #motor #SB300CR #94帥 #檔車魂不滅 #屬於自己的格調",5
233718966815657_682273698626846,1,686,312,319,photo,233718966815657,2017-04-06T13:00:00+0000,"#PhilipsBeauty愛美召集
天氣已經開始轉熱！短袖、迷你裙大家都準備好了嗎？穿上這些行頭以前，最需要的就是把手、腳、腋下的毛髮除的一乾二淨才會美美的呀！現在就用 #飛利浦頂級款美膚美體除毛刀BRE650 來解決你的毛毛手毛毛腳吧～😇😇😇
✔專利除毛系統
✔乾濕兩用 / 無線使用
✔輕鬆維持長期效果
現在只要按讚『加入PhilipsBeauty粉絲專頁』+公開分享+留言+TAG 2位姊妹［PhilipsBeauty，@____、@____我就是要當無毛美人！］我們將挑出1位幸運兒送你《 CLIO不斷電持色眉彩膏》喔🎁
(活動留言時間只到2017/4/8 23:59，Philips Beauty保有活動變更權利)",320
758362110876541_1468611809851564,0,0,0,4,album,758362110876541,2017-06-27T07:00:00+0000,"正確的口腔保健方法就要從小做起！😬✨
日本獅王從西元1913年販售了第一款兒童牙膏，並舉辦了第一回口腔衛生演講，從此之後更致力於全國兒童的口腔保健宣導。🤗
這幾天LION醬到了高雄的日僑小學，要告訴大家怎麼樣正確刷牙，才能擁有一口漂亮的牙齒喔！🤓👍

#口腔保健宣導 #孩子的第一堂口腔保健教育課 #口腔保健從小做起 #後天美齒養成計畫",0
151713051567596_1492948900777331,1,78,51,192,video_inline,151713051567596,2017-04-27T04:30:44+0000,"【好奇媽咪們快來喔！momo直播開始了】

媽咪快快快🏃，快到momo購物網粉絲團看直播
momo購物網粉絲團>>https://www.facebook.com/momofans/?fref=ts
別忘了要在直播貼文下方留言，參加🎁抽獎喔！
還有🔸獨家限時限量momo會員獨享的超低優惠🔸，千萬別錯過囉!",0
312562738827552_1288040184613131,0,0,10,1074,photo,312562738827552,2017-03-15T08:00:00+0000,"「優雅，來自妳獨特的見解。」

酒紅色小牛皮錶帶與櫻花粉紅金錶框，
吸睛的配色與古典的數字設計，
每一個小細節，都代表著專注追求完美的妳。

全新光動能電波女錶《CB1104-05A》：
http://lady.citizenwatch.com.tw/lineup.html#radio",57
144908898861624_1450979094921258,0,0,0,10,multi_share,144908898861624,2017-03-06T08:55:44+0000,"就算天氣忽冷忽熱，也絕不會打亂小編愛漂亮的腳步!!😘

化眼妝時加強眼尾的>字，讓妳的眼睛看起來水汪汪無辜惹人愛，增添春天桃花運💖

✏️蘋果誌：用眼影棒打底的眼妝會更持久～眼影盒的顏色超粉嫩超可愛！！完全回到我愛LUNASOL的全盛狀態～

#用LUNASOL彩妝打造清透微裸妝
#水光灩采眼影棒好上色可以打底又能一支獨秀",1
1158410500878601_1224223167630667,1,177,204,28419,photo,1158410500878601,2016-09-30T04:00:00+0000,"【熱炒打鐵 三人成虎，到店試飲！】

下班後，吃熱炒要去哪家？
虎牌啤酒特搜120家熱炒名店，現選現揪，保證無雷！
虎膽大放送，只要你在店家打卡並tag 2位現場好友，即可試飲Tiger虎牌啤酒！

全台限量4,000瓶，即刻開約！
※120家熱炒名店>> https://goo.gl/mhgqzF
※啤酒試飲數量倒數>> https://goo.gl/GJD6mT
------------------------------------------

【活動步驟說明】
●Step1: 到虎牌啤酒熱炒地圖中，任一家熱炒店
●Step2: Tag兩位朋友並打卡
●Step3: 即可試飲虎牌啤酒",3220
263705449348_10155701035799349,1,6,6,58,share,263705449348,2017-06-27T06:31:32+0000,"【❤愛上Pizza Hut＿超狂優惠！讓你爽得嫑嫑的❤】

江湖在走，時尚態度要有，優惠順便帶走！
看出圖中密碼在哪了嗎？快揪親朋好友同學夥伴一起找！

輸入密碼，結帳即享優惠＞＞ https://goo.gl/LaujAF
「任選一大比薩＋烤雞(3翅3腿)只要279元！」
「任選一大比薩＋烤雞(3翅3腿)只要279元！」
「任選一大比薩＋烤雞(3翅3腿)只要279元！」
很　重　要　要　說　三　次 !!!

#愛上pizzahut  #愛我就猜透我 #跪求雞翅證件夾",11
166459533383697_1652331084796527,1,0,2,40,photo,166459533383697,2017-03-15T09:00:00+0000,"寵❤️粉絲的中華FREE Data總是為你精打細算～💰
新春水噹噹～中華電信行動會員獨享【美麗999購物網】全站免流量費，結帳再送理膚寶水試用包😋 👌！
👉只要你是中華行動服務會員，使用行動裝置逛美麗999，就享三重優好康：
好康1. 逛藥妝專業量販網站【美麗999】，全站免流量費！
好康2. 美麗999購物網結帳送［理膚寶水-臉部溫泉舒緩液］試用包！（請於備註說明您是中華行動會員）
好康3.趕快到好康專區參加【FREE Data解任務】，看影片就抽agnes.b名牌包、理膚寶水溫泉噴霧！
手刀前往 ▶ http://bit.ly/2nlwXHn",2
116597425020412_1603988952947911,1,0,5,557,photo,116597425020412,2017-03-15T10:24:28+0000,"#全新一季 #極致防水裝備 #同步全球上市
最強防水OutDRY與OMNI-TECH裝備現貨抵台
梅雨季？Columbia極致防水讓你「沒！有！雨！季！」
即日起至3/30止消費2017春夏 OutDRY與OMNI-TECH新品不限金額 #結帳再折100元！
 
*活動限消費新品:S17 OutDRY與OMNI-TECH系列，不適用於Outlet
*需掃QRcode並按讚粉絲團方可享該筆結帳金額現折100元
*詳細優惠內容及注意事項依各通路門市公告為準
*此優惠不與其它優惠併用",12
1664672000429433_1941532799410017,0,0,0,134,album,1664672000429433,2017-03-22T03:30:00+0000,"還沒體驗過 #星巴克冷萃咖啡 嗎?
邀請你到星巴克台北時代門市POP-IN STORE體驗
時間淬鍊 風味細緻的冷萃咖啡

關於星巴克冷萃咖啡介紹: http://bit.ly/2npxuc0
更多POP-IN STORE體驗: http://bit.ly/2msFj24",2
333109469102_10154586639939103,1,4,8,383,photo,333109469102,2017-05-18T10:00:00+0000,"/ 黃靴抱抱 TIMBERLAND給你靠! /
粗曠黃靴，搭配柔軟質地，男朋友算什麼? 黃靴抱枕配我剛剛好!
 
5/19(五)起至5/21(日)，全台Timberland專賣店、百貨專櫃和官方線上商城，卡友消費滿NT$6,800即贈限量黃靴抱枕。
- Club Timberland卡友獨享 (金卡 / 綠卡 / 好友卡 ) 
- 各店數量有限，送完為止
- 單筆滿額即贈，不限每名卡友贈送數量
- 暢貨中心恕不配合本活動

立即購買➡ https://goo.gl/3J5ywE
了解更多➡ https://goo.gl/vO6UbN

#黃靴抱抱 #TIMBERLAND給你靠",8
132853350120519_1454757061263468,0,1,4,104,video_share_youtube,132853350120519,2017-04-08T23:00:00+0000,"【2017決戰天堂路－正賽將於 7:40 開始！】

80支大專組、20支一般體驗組，齊聚會師天堂路
鎖定《決戰天堂路》賽事直播，見證王者與傳說的誕生
全力拚搏，爭取前進布魯克林的光榮！

直播連結(賽後可看VOD)>>http://youtu.be/Tnizbzm0S7E

決戰天堂路賽事資訊：http://bit.ly/2leO9AA
重點鞋款：https://goo.gl/lTnA3x

#NewBalance #決戰天堂路 #AlwaysInBeta",8
451205008263145_1630453460338288,1,0,0,0,video_inline,451205008263145,2017-06-01T09:00:00+0000,"【ALL NEW CR-V 超越你對移動的想像 】
新一代 CR-V 將全面搭載 1.5L VTEC Turbo 渦輪增壓引擎，運用 Honda 引以為傲的技術 Earth Dreams Technology，以同級車最大馬力 193 PS 與最佳油耗 14.6 km / L 頂尖表現，迎接 SUV 的全新未來

----------預約試乘好禮----------
搶先開跑！預約試乘送 Honda 皮革編織鑰匙圈
即日起，邀您一同體驗 ALL NEW CR-V 全新 Turbo 動力
現在至各據點參加試乘體驗，即贈送 Honda 皮革編織鑰匙圈！
預約去>>> https://goo.gl/9owqXY

-----------週週抽好禮-----------
ALL NEW CR-V 週週搶先曝光，留言抽限量 CR-V 典藏保溫杯
想獲得CR-V 專屬好禮嗎? 在下方留言並tag好友，就有機會獲得！

活動時間：2017/6/1(四) - 2017/6/7(三) 23:59止
活動獎項：Honda CR-V 典藏保溫杯，共2名 
活動方式：
步驟1.按讚此則貼文
步驟2.於貼文下方留言並TAG一名好友：「我最想和@好友 一起體驗 CR-V 全新Turbo 動力！超越你我對移動的想像！」
步驟3.送出留言，完成活動

活動得獎名單將於6/8(四)於此貼文回覆通知，請中獎人於約定時間內回覆得獎資訊，逾時恕無法兌獎。
注意事項：
※若因不可抗力之技術原因，粉絲無法被通知中獎及回覆中獎資料，視同放棄抽獎資格。
※主辦單位就本次活動內容有審核、取消、修改、決定及變更之權利。

#CRV #Honda #Turbo #GoBeyond #預約試乘 #週週抽好禮",0
144966305545387_1441339109241427,0,1,2,88,photo,144966305545387,2017-04-15T03:00:00+0000,"回暖就是要吃冰啊～
SKIN超薄陪你度過每個甜甜瞬間❤️️

➡️ 全站免運送到家：swat.ch/2pgdF7RTW

#Swatch #SKIN #YOURMOVE #時尚律動 #Swatchskin",3
1684586355152400_1952271698383863,1,2,4,27,photo,1684586355152400,2017-05-15T04:13:30+0000,"｜✿Ms. Pumps「美」夢成真 💝 築夢開跑抽好禮 ｜

愛美又充滿活力的Ms. Pumps回來了~
各位小資女快站出來，一起美麗築夢 !
只要參加活動留言分享自己的夢想
就有機會獲得Ms. Pumps精選好禮組合🎁

為了積極面對生活中的各種挑戰，朝夢想邁進
當然要讓美麗更簡單，輕鬆「美」夢成真✨",0
166459533383697_1739142156115419,1,0,4,106,share,166459533383697,2017-05-25T09:00:00+0000,"【Hami 驚奇無限啟航啦~】

冒險第四站！
週末超低『限時優惠』一定要搶到！😤

前100名成功申辦者就送「神鬼奇航5」電影票一張
申辦還可抽電影贈品耶‼️ Hami書城電子書、報、雜誌無限閱讀
多元新知識 充電的好幫手!!🙌🙌 快跟著亨利搶先變身潮流新知！🌠
 加入Hami書城閱讀行列 📖📖📖

想成為神鬼奇航的夥伴嗎?快啟航>>https://goo.gl/flJjGK",5
100489613340306_1336246046431317,1,18,246,10036,photo,100489613340306,2017-05-19T09:00:02+0000,"你沒看錯，用S Pen也可以畫出油畫感啊～#GalaxyTabS3 全新升級高感壓 S Pen能書能畫，不僅拿來作筆記豪好用，點選單字還能翻譯呢➨ http://spr.ly/61808iPl8

內建多種畫筆包含水彩、油彩、毛筆等筆觸，你喜歡哪種呢？現在留言【你喜歡的筆觸】並說明原因，就有機會抽電影票(2名)
#各平本事

 — Products shown: Galaxy Tab S3 4G LTE and Galaxy Tab S3 Wi-Fi.",140
269986596535_10154321109971536,0,0,3,331,share,269986596535,2017-04-21T05:15:00+0000,新的時間限定景點？❄ 但也為氣候變遷感到憂心 😫,10
154657374691449_779794098844437,1,0,0,19,video_share_youtube,154657374691449,2017-05-12T04:34:06+0000,"【火山力】
你知道嗎？火山爆發是指火山從地面下經由通道，將氣體、碎屑或岩漿噴出地表的過程。而這個火山爆發的過程，產生的力量之大，絕對不亞於核彈！💥💥💥

經過法國火山岩層所淬鍊出的富維克礦泉水，富含礦物質，喝起來不僅順口，且能補充身體需要的鉀鈉鎂，讓你不論是日常生活還是重要運動，都能以充滿火山力的極佳表現面對挑戰，衝破阻礙💪

你也是充滿 #火山力 的能量人嗎？快來秀出你的火山力贏得GoPro！ 
➡活動詳細資訊：https://goo.gl/OzyXlK
 (5/14前於以上這連結tag 兩位朋友並留言，還可以抽Volvic行動電源喔~只剩最後兩天！)",1
350438191643697_1409720632382109,0,3,10,443,photo,350438191643697,2017-03-23T03:38:12+0000,"【LINE 貼圖小舖】新上架✨

<(台灣限定)史迪奇動的不要不要的篇。>

只有台灣才有!!超可愛的史迪奇獨家限定篇

👉http://line.me/S/sticker/8228

<不死兔的兔兔台語小教室>
一起跟著噗滋噗妮學台語哩工吼恩吼～
👉 http://line.me/S/sticker/8229

<古人動起來之男古人血淚史!!> 
窩的老天鵝啊～男古人這次崩壞無極限！
👉 http://line.me/S/sticker/8230

<KETAKUMA全螢幕貼圖>
煩爆你的整個螢幕 (編輯掛保證)
👉 http://line.me/S/sticker/8231

<佔據你的螢幕♪ Sumikko Gurashi> 
小夥伴們從房間角落衝出手機螢幕了
👉 http://line.me/S/sticker/8233

<暗殺教室 全螢幕貼圖！> 
登上大銀幕的《暗殺教室》貼圖第3彈登場，還加上全新台詞喔
👉 http://line.me/S/sticker/8232

【LINE 主題小舖】新上架✨
讓你的主題變得更強大的<魔物獵人XX>
還有<Sumikko Gurashi～便當篇～>",11
343229715569_10158287818975570,0,0,0,39,photo,343229715569,2017-03-14T04:30:00+0000,"💟白色情人節，將會擦出什麼火花呢？
千萬別讓乾裂脫皮唇破壞甜蜜時刻
👉用水漾潤唇蜜輕輕一抹
NG唇瞬間變成紅嫩啾咪唇💋

水漾潤唇蜜↘$230
https://goo.gl/scM0c6

 — Products shown: 水漾潤唇蜜(甜心黑醋栗), 水漾潤唇蜜(甜心蜜桃) and 水漾潤唇蜜(甜心草莓).",0
622567637810519_1321109834622959,0,0,12,4886,photo,622567637810519,2017-03-23T03:00:35+0000,"🌟〔輕透記形］輕盈的無感 🌟
享受專屬於自己的輕盈美麗瞬間！

🚩淨透膚
🚩溫柔記形鋼圈
🚩3D 清透棉
🚩超彈力邊布

簡潔無痕的時尚外觀,優雅裸色就像肌膚的一部份
獨創三層空氣夾心,透氣零著感,柔軟透氣零著感
舒適、清爽、性感一次擁有，為妳留住每個美麗 MOMENT！💋
⏩ https://youtu.be/5zkjvY8icE4 ⏪

#輕透 #記形胸罩 #愛情透透氣 #謝欣穎 #LOVE #Wacoal",112
1684586355152400_1924412051169828,1,207,171,303,video_direct_response,1684586355152400,2017-03-31T12:00:00+0000,"｜✿見證美粧史上最強對決🎊日本玩美膚值PK！｜

#保養派 寶兒 v.s #清潔派 洪詩
妳支持哪一派？

👉立刻至活動網站投下妳支持的一票
就有機會獲得  #台灣加賀屋溫泉飯店套票、#Bioré精選商品組…等豐富好禮喔！>>https://goo.gl/0z9qfD

【留言@好友】「一起來參加！投票抽玩美之旅喔！」",148
333109469102_10154412574624103,1,11,334,480,share,333109469102,2017-03-16T10:51:53+0000,"🔥狂賀！TIMBERLAND榮獲YAHOO超級金店獎 🔥

剛剛歷經熱騰騰的頒獎典禮，為了延續歡欣鼓舞的氣氛，粉絲團同慶大加碼！現在起至3/17(五) 23:59止，凡公開分享本貼文，並留下留言：「狂賀TIMBERLAND！我想許願收到________ (+超級商城商品連結)」你的願望就有可能成真!! 預計於3/20(一)下班前抽出一位幸運留言者，許願商品直接送給你 (遇商品缺貨則以等值商品替代)！

TIMBERLAND YAHOO超級商城➡ https://goo.gl/ApLt1z

注意事項 / 
1. 留言活動截止至3/17(五) 23:59止
2. 活動截止後，將於同篇貼文留言處公布得獎者
3. 獲獎者需於3/24(五)前提供收件人資訊至粉絲團私訊，逾期不候
4. 活動獎項無法更換為其他商品或折換現金
5. 台灣威富品牌有限公司保有活動內容及獎項修改之權利",199
1684586355152400_1914946255449741,1,864,652,697,photo,1684586355152400,2017-03-13T12:00:00+0000,"｜✿ 小心！別讓浪漫愛情片 變 強檔驚悚片｜

白色情人節約會前夕
別讓眼周的五十道陰影
束縛你們的愛 (((ﾟДﾟ;)))

💫想要約會時亮眼迷人、迷倒另一半，擊退眼周暗沉與乾燥細紋，就交給 #Bioré深潤水凝凍晚安眼膜 https://goo.gl/ZKC4mh

💫水凝凍質地，整晚服服貼貼
完整鎖住潤澤因子，持續不間斷為眼周注入保濕精華，隔天醒來眼周明顯彈亮緊緻！
 
【留言分享】「白色情人節快樂！讓妳亮眼迷人的秘密武器就是Bioré深潤水凝凍晚安眼膜」
抽3名送出眼膜乙份喔！
► ◄得獎公布：2017/3/20(一)",566
143932432305117_1471083609589986,0,0,1,7,photo,143932432305117,2017-03-20T09:00:00+0000,"【春分。春舞冰戀曲】
春花垂露出嬌嫩的露滴，伴隨入口微微冰涼的清新氣息，舌尖愉悅的綻放出春舞冰戀曲 🎼",1
108254199198010_1398607800162637,0,0,0,81,album,108254199198010,2017-04-16T06:06:45+0000,"美好的週日下午，一起來台南南方公園喝下午茶吧❤️現場還可以試用網路上超夯的新活恆白15合1CC霜！一起來玩嘛～

#雅芳探索美麗咖啡館
#雅芳新活25週年
#探索美麗極限
#雅芳新活恆白CC霜",3
168423776607421_1247602292022892,1,0,3,156,share,168423776607421,2017-04-11T04:00:00+0000,"【我的天！老闆又要我分析數據了！】
分析素人再也不用害怕！擁有Watson Analytics一鍵分析、精準洞察！想變分析大師？快上IBM Marketplace免費試用抽咖啡機！",27
445727812160253_1393262930740065,1,3,21,17275,photo,445727812160253,2017-03-06T03:00:02+0000,"韓劇『孤單又燦爛的神－鬼怪』裡，
鬼怪和地獄使者所住的巴洛克豪宅正是首爾的雲峴宮洋館，
快帶上你的Visa卡出發到首爾尋找鬼怪的蹤跡吧！
憑Visa卡到首爾購物還享多樣優惠 http://vi.sa/KrTW",39
728207190548689_1242144209154982,0,0,4,270,photo,728207190548689,2017-03-11T03:00:10+0000,"上個月的情人節，你有收到別人的心意嗎？如果你很珍惜，推薦你在3/14的白色情人節，送他/她一份精巧又不失隆重的回禮。
意大利頂級巧克力，代表你濃郁的熱情，雅緻的金色包裝，象徵你重視對方的心意，還有甚麼比金莎更適合白色情人節呢？",7
353812734713953_1360671774028039,1,638,572,1943,album,353812734713953,2017-06-23T07:47:24+0000,"小編才剛吃完品客～看到 七先生與艾小姐的分享
嘴饞止不住居然又想吃啦😂品客限定國旗罐旅遊帶著走，想吃就吃真的超合適👍

☑小編考考你🕵於6/30 23:59前Tag(好友)留言回答
七先生與艾小姐最近是去了哪裡看繡球花呢？
獲得「國旗罐一罐＋品客毛巾一條」共十名唷～

#七先生與艾小姐文章裡有答案顆顆",0
233718966815657_701450953375787,0,0,0,23,share,233718966815657,2017-05-13T16:37:07+0000,"大家到日本都會選擇購入知名的熱敷眼罩，但長期下來也是一筆不小的開銷，現在小資當道的社會，當然要推薦大家更經濟實惠的 #飛利浦眼部舒壓儀BSC301與MS3020 ，充飽電一次可使用Refresh冰鎮模式23次/Relax溫熱模式28次/Detox肌活SPA模式13次，相當於2盒熱敷眼罩，長期使用下來絕對超值又划算呀！
心動了吧～點開Dr.PHILIPS專欄看 #BSC301 更多詳細的介紹吧！

#BSC301
#MS3020
#眼部舒壓的小法寶",1
327434517420177_781479015349056,0,0,0,15,album,327434517420177,2017-04-14T04:00:00+0000,"你不能不知的各國花季正在綻放著～！實在好美喔～
春暖花開的四月，趁著週末相揪朋友、帶家人去賞花吧！
🌸日本東京　櫻花 ／花語：生命/等你回來
🌺韓國濟州島　油菜花/ 花語：加油
🌸荷蘭利瑟　鬱金香 / 花語：愛的告白
🌺南非北開普　雛菊 /花語：深藏在心裡的愛

#Crocodile鱷魚愛賞花 #喜歡請按大愛心
#美到不要不要的",0
338609223165_10155135853663166,1,0,1,318,photo,338609223165,2017-03-22T13:00:00+0000,"【 VOLVO 與您的影中時刻 － 專屬車用小物 】
上傳照片活動得獎名單公佈！
讚數最高得獎者是 ➨ Jacky Tseng
小編特選得獎者是➨ Chi-wei Chan

本次精美小禮為 Life Paint ✨
是 VOLVO 與來自瑞典的知名反光噴漆公司 ALBEDO100 共同研發可以噴在任何載具上，於日光下完全隱形、當夜晚被車輛頭燈照射下，產生的亮白色反光無毒塗料，讓人們在夜間從事戶外活動更加安全。
➡了解更多 Life Paint：https://goo.gl/9acIY8

恭喜得獎者！請記得在 2017/3/29 (星期三) 晚上12:00 之前，將收件人基本資料私訊本粉絲專頁。 (若逾期則以棄權計，另以讚數次高得獎者遞補)
■得獎者如若未於指定時間內提供基本資料或未提供及提供不實個人基本資料，視同放棄得獎權利並自負其責，恕不補發獎項。■基本資料包括 : Facebook ID、收件者、寄件地址、連絡電話，(ex. David Chou.、周小明、台北市忠孝東路一段一號一樓、0912345678) ■本活動辦法、獎項、訊息以公佈於 Volvo Car Taiwan 粉絲頁的資料為準，活動贈品以實物為準，如遇不可抗拒之因素，VOLVO 將保留更換其他等值獎項之權利。 ■ 參賽照片日後會統整成為粉絲團相簿之素材 ■ 照片獲選未來有素材需求時會另行聯絡得獎者提供檔案 ■ 如上傳有人像之照片視同放棄肖像權 ■ 參加者應確認擁有作品著作權，不得使用侵權之疑的圖像或複製他人作品。■ 國際富豪汽車保留修改本活動之權利。
#Volvo #VolvoTW #VolvoMoment",4
128532197277812_990968211034202,0,0,1,12,share,128532197277812,2017-04-06T09:30:00+0000,"【寵物當家】

喵星人鑽外套太萌了阿~~
爸爸一打外套拉開，茶茶就馬上鑽進去，還找了個最好的位置，
雖然茶茶曾經是流浪貓，但看見他在外套裡睡覺的幸福模樣，
真是謝謝有這麼棒的爸爸願意收養他 <3

#TOSHIBA #寵物當家 #喵星人 #浪浪 #領養不棄養

http://www.ettoday.net/news/20161130/820765.htm?ercamp=sorted_hot_news",0
182373771797518_1472543046113911,1,20,32,5630,share,182373771797518,2017-03-20T16:00:00+0000,"【1+1只要599  開啟美味新關係】
👂FRIDAYS私心推薦雙料輕鬆點，鮮嫩的星期五香烤半雞搭配摩卡咖啡冰淇淋派最超值，🍗🍰份量滿點的主餐+甜點才599！快揪朋友這週就成團，拜託一定要吃到🙏🙏🙏
🍔還有好多超值組合👉https://goo.gl/sKBrnv
📞現在就用手機訂位👉http://www.tgifridays.com.tw/store.php
#TGIFridaysTW  
#雙料輕鬆點 
#任選2道只要599 
#美味新關係   
#CP值不只爆表簡直要炸天了啊",59
101615286547831_1623139717728706,1,0,0,0,animated_image_share,101615286547831,2017-06-02T12:00:00+0000,"萌翻天的全新小麥麥體驗營7月份場次開放報名！
慶祝新角色小小得來速員登場，加碼抽『麥當勞薯條萬用包』，薯條迷別錯過囉！",0
324273577645211_1563879647017925,1,181,198,846,photo,324273577645211,2017-05-02T00:00:00+0000,"【獻上我的苺好心意】

你有多久沒對媽媽表達心意了呢？
今年用 #苺果卡士達蛋撻，
搭配最肉麻的撒嬌，
讓媽媽綻放幸福粉紅好氣色。
酸酸甜甜的口感，
使媽媽聽再多甜言蜜語也不會膩！

即日起到5/14止，留下對媽媽的甜言蜜語，就有會獲得苺果卡士達雙色蛋撻禮盒！
獻給媽媽的苺好心意>> https://goo.gl/Iv9gOh

※活動辦法
步驟一：於本PO文下方留言TAG媽媽，並寫下對媽媽的甜言蜜語「@媽媽，你是我心目中的［台灣第一美魔女］，請你吃苺果卡士達蛋撻 #再讓我撒嬌一次吧」
步驟二：送出成功後，就有機會獲得KFC苺果卡士達雙色蛋撻禮盒 乙盒
※活動時間：5/2 (二) 12:00 ~5/14 (日) 23:59止
※免費份數：總計30盒
※抽獎辦法：於5/15 (一)抽出30組名額，可獲得「苺好禮盒」，並於KFC粉絲專頁公告中獎名單，請中獎者於5/19~5/21下午15:00-20:00於指定餐廳領取獎品。",79
152341009257_10155407345764258,0,18,15,206,photo,152341009257,2017-05-06T11:00:00+0000,"【端午名粽✨熱烈預購中】
划龍舟、立蛋的時節又快到囉～
端午節94要吃好吃的粽子啦！
多款名店推出的粽子
👉劉家如意粽
👉義美南部粽
清香粽葉，包裹QQ糯米，再加上實在的餡料
快來全家預購吧!!
輕鬆吃到名店粽子喔

🔥Tag「@______全家預購,多款名店粽子熱烈預購中喔!!」

#端午節 #粽子",17
1466345270273983_1772592309649276,1,18,469,595,video_inline,1466345270273983,2017-04-29T11:00:00+0000,"【愛速魂不容錯過! 答對就有機會抽中神祕小禮物!】

注意到了嗎?
Tissot T-Race MotoGP 2017限量版的錶帶是以輪胎壓紋製作而成!!!
戴上去立馬讓你有奔騰快感 吸睛度瞬間破表

現在好康的來了!
只要留言告訴大家手錶上的時間是幾點幾分
就有機會抽中神秘小禮物

留言範例:  我愛Tissot，幸運時刻xx:xx 
活動時間:~5/1 23:59前",158
101615286547831_1670933136282697,1,33,39,1838,square_image_share,101615286547831,2017-06-27T02:04:45+0000,"可以黏、可以貼、看到綿延的可愛圖案就心軟？
如果你也是紙膠帶失心瘋愛好者，那就快來跟好友一起分享超Q的麥當勞IG，抽超Q的麥當勞獨家紙膠帶！
#只送不賣 #台灣麥當勞限定 #超想要
搶拿麥當勞超Q紙膠帶>> https://www.instagram.com/mcdonaldstw/",38
224847831336_10155598698461337,0,0,0,0,animated_image_share,224847831336,2017-06-03T15:05:00+0000,"#GATSBY也是笑笑的
返老還童原來那麼….簡單

分享出處 ◎ 我要你的神回覆

#GatsbyTaiwan #GATSBY #FUN一下 #我也是笑笑的",0
182373771797518_1535600939808121,0,0,0,17,photo,182373771797518,2017-05-14T04:05:23+0000,"想好今天要帶媽咪去吃什麼好料了嗎😃❓
在這充滿感恩的日子，全家人陪媽咪到FRIDAYS吃吃飯聊聊天，共度溫馨的家庭時光，一定會是難忘的回憶❗️

TGI FRIDAYS㊗️全天下的母親，母親節快樂🌸

4/25~5/22 『HIGH FIVE媽咪樂享餐』限時推出
雙人四人組合任選👉🏼https://goo.gl/XJsM2R
☎️全台FRIDAYS訂位專線▶ http://www.tgifridays.com.tw/store.php",0
134004310003557_1478896035514371,1,3,161,482,photo,134004310003557,2017-04-10T02:00:00+0000,"【十五要拜拜，來全聯什麼都好Buy】

十五拜拜，供品就來全聯Buy～
來全聯，水果、餅乾、飲料
一次買足！

☀特價期間：即日起到4/11 ☀

👉樂事經濟盒
雞汁/海苔壽司/原味/岩鹽芥末/香蔥奶焗
160g/盒
特價49元
👉泰山黑八寶
沖繩黑糖
340gx3入/組
特價68元
👉紐西蘭加拉蘋果，約135g/粒
特價10元
👉老鷹紅豆麻糬，6入/240g
特價42元
👉祭拜金紙
一組/包
特價46元

數量有限，售完為止~！
大家走過路過看過滑過，千萬不要錯過喔~

#全聯 #初一十五 #拜拜好康 #用一卡通消費最划算",11
758362110876541_1394363493943063,1,0,7,14,photo,758362110876541,2017-04-19T04:04:19+0000,"【獅王肌潤保濕沐浴乳】試用包抽獎活動公佈！
恭喜以下10位幸運得主，請在4/24(週一)前將寄送資料私訊給小編唷！希望大家用了會喜歡～
劉霓霓 / 廖小妮 / 林宥豪 / 游淑慧 / Alix Wang / 林良政 / 黃紫惠 / 游淑娟 / 陳品毓 / 許書毓
沒抽中的粉絲們，在全台的全聯也買得到喔！
這個商品小編真心推薦！洗完之後皮膚清爽不乾澀！

#獅王肌潤 #保濕沐浴乳 #七天有感 #清爽不乾澀",1
183235385026651_1625270360823139,1,0,0,138,photo,183235385026651,2017-03-17T14:08:18+0000,"週五夜晚，心情就像這款鞋一樣很彩色~Oh yeah!

✔️VIP 新品8折再享現抵300
✔️Yahoo | https://goo.gl/fzVQj8
✔️全台專賣店資訊 | https://goo.gl/1E6mm4",2
121431141207349_1834153959935050,1,0,1,33,photo,121431141207349,2017-06-27T12:41:12+0000,"【😍米奇集點貼紙兌換券限時送😍】
相信有加頂好LINE好友的好鄰居們最近一定收到許多超便宜超划算限定優惠！✨✨✨✨

超好康的好友三重送只到 6/28 號，
悄悄的接近尾聲，你錯過了嗎！？

三重送有哪些好康呢？
🎁  第一重 加入即享 30 元現金購物金
🎁  第二重 滿 300 再送 30 元抵用卷
🎁  第三重 米奇集點貼紙兌換券 (6/26-6/28 限時領取)

限量20萬個名額，還不快加入！
💟  現在加入拿好康 https://line.me/R/ti/p/%40wellcome

👌好鄰居提醒您，
6/26 開始的『好友三重送－第三重米奇集點兌換券』，
6/26-6/28 領取兌換券，領取後請勿刪除，
6/29起就可以到頂好超市領取米奇集點貼紙五點啦！

☝️好鄰居小提醒：優惠券領取後，
「請勿」自行點選優惠卷上的「使用優惠卷」按鈕，
請在結帳時出示，讓親切的店員們為您點選喔！",5
135000737254_10154140362812255,1,0,0,0,multi_share,135000737254,2017-06-01T05:51:03+0000,"🎊官網年中慶 盛大登場🎊 

即日起至6/15，眾多商品限時特惠，除享滿千抵百，還有豐富贈品好禮，千萬不要錯過囉！ 
🎁 滿$1200 贈 $200商品現金卷
🎁 滿$1800 贈 BOB x HPG獨家限量馬克杯組

前往搶購👉https://goo.gl/GJBdnh
行動版購物👉https://goo.gl/A0xoSC

#官網免運送到家 #優惠詳見活動說明",0
359854104118589_1167930579977600,1,64,260,467,animated_image_share,359854104118589,2017-06-26T04:00:00+0000,"【再忙，也要來一口ion water💙】
面對工作，永遠保持初戀般的新鮮感
就像對ion water的熱愛，再忙也要喝一口
現在就截下上班族青年喝下ion water的瞬間
從工作中，找回快樂與動力吧💪

💼活動時間：2017年6月25日~2017年6月29日
💼活動辦法：
1.「讚」給粉絲團及本篇貼文一個讚
2.「留言」截下上班族青年喝下ion water的瞬間
3.「分享」大力分享本篇貼文
🎁活動獎品：ion water 4入/組 (3名)

　
🤣寶妹好康道相報🤣
現在只要購買ion water ，上網登錄序號，月月抽 GOGORO PLUS 🛵
活動只到六月底，趕快約朋友們一起搜刮ion water吧~
活動詳情💧 https://goo.gl/uEvpAb

#來一口 #ion_water #提高辦事效率
#我怎麼能沒有你 #全天候隨時飲用 #長效補水",261
171280426263499_1501633083228220,1,1,59,6683,animated_image_share,171280426263499,2017-05-24T01:00:00+0000,"【笑容搜集大挑戰 全體動員奔走中!!】 

一把傘 + 2個笑容 =掃地機器人+黑人旅行組
一把傘+ 很多笑容=掃地機器人+黑人旅行組 + 一年份 免費牙膏

小編雖然數學不好，但好像覺得這公式怪怪的，有這麼簡單嗎!?

沒錯!事情就是這麼簡單! 黑人牙膏讓你發現笑容的力量 
現在快糾親朋好友一起來逛家樂福買黑人牙膏，拿起微笑雨傘露出笑容拍照就有機會抽中大獎，動員最多人完成拍照的優勝者還能獲得一年份免費牙膏唷! 

 你還在等什麼~快來家樂福秀出你的燦爛笑容吧! 
===================================================================================================

★抽獎資格＆辦法： 1於2017/5/24-6/6在家樂福購買黑人牙膏任一組 2.在家樂福的黑人牙膏「笑容搜集大挑戰 指定拍照區」，兩個人（或以上）一起撐黑人微笑雨傘，露出最完美的笑容並拍照。 3.在本文底下留言區上傳此照片，並留言：【笑容蒐集大挑戰：___位，成功!!!】
★活動獎品： 1.時尚iRobot 掃地機器人，共1台。（市價＄18,880元） 2.隨時隨地完美笑容旅行組，共20組。 
★特別加碼：[ 全體動員獎 ]在指定區域內，成功完成「最多人一起撐黑人微笑傘合照者」，除獲得抽獎資格外，還可獲得一年份免費牙膏（註1）！ 註1：一年份牙膏內含超氟多效護理180g（2條）＋超氟抗敏護理140g（2條）＋專業護齦珐瑯質修護120g（2條） 
★開獎時間：2017/6/30, 中獎名單公布於黑人粉絲團 
★兌獎憑證：所有中獎人需提供小編[2017/5/24-6/6於家樂福購買黑人牙膏]發票明細照片，方能領獎。 

＊＊注意事項＊＊
(1) 請確認上傳之照片皆為上傳者本人拍攝，並同意本公司蒐集、處理、利用所提供的照片。
(2) 上傳照片參與活動即表示同意活動注意事項。
(3) 本活動獎項寄送地區僅限台、澎、金、馬地區，海外地區恕無法配送。
(4) 每一帳號僅限一次抽獎機會。 

https://media.giphy.com/media/3oKIPeXpGuy3EXTUe4/giphy.gif",67
216988328448158_803484239798561,0,1,11,561,photo,216988328448158,2017-04-26T13:30:00+0000,"😎為世界頂級的豪華車車主提供近乎理想駕馭性的好輪胎😎
跟各位粉絲們說個好消息👇
普利司通「TURANZA T001」獲選成為MITSUBISHI 「GRAND LANCER」最高等級旗艦型車款指定用胎👏👏👏

T001三大特點
💯 卓越的乘坐舒適體驗
💯 兼具舒適性及運動性能的極致平衡
💯 搭配最小滾動阻力及低噪音等設計

#小編私心覺得想來一台阿 
#帥呆惹",20
263705449348_10155418365779349,1,2942,1920,2987,photo,263705449348,2017-04-11T13:00:11+0000,"小必來分享一則切比薩笑話～～
👨：必勝客提供切比薩的服務，能夠切成8片以及12片唷
👩：好難抉擇啊～想切12片又怕吃太多，該如何選擇好呢？

4/18 23:59前【留言＋公開分享】「（＠朋友）買比薩要切8片還是12片比較好？」若朋友於留言回覆下方回答就有機會獲得免費小比薩券唷～

美味「北海道櫻花黃金蝦」比薩盡在必勝客！>>
http://www.pizzahut.com.tw/promotions/?parent_id=1960&urlname=FB0411cut

（必勝客門市大比薩一律切十片唷～不多不少剛剛好👌🏻）",1603
451205008263145_1572541876129447,0,1,8,505,photo,451205008263145,2017-04-10T11:30:00+0000,"【讓車窗變觸控】Honda 智能車窗專利曝光！？

刺眼的陽光，讓您乘車時睜不開雙眼嗎?

Honda 申請獨家專利「未來透過手指於車窗上滑動，就能讓車窗變色，隔絕陽光！」

目前雖還未正式發表，Honda 將持續以技研精神，用技能來驅動世界的可能！

Honda Taiwan 與您分享 =)

#Honda #車窗 #智能 #ODYSSEY",19
135126653278490_678046402319843,1,6,12,1496,photo,135126653278490,2017-05-08T04:30:00+0000,"藍藍的天映襯著七彩花毯，是時候飛北海道啦！
明天上午 7 點至下午 2 點，眾多航點輸入促銷代碼「FLYNOWTW」，含稅票價優惠最高 7 折起！
花花的約定，今年一定要履行 🌷🌼 http://bit.ly/2qQHKM5",30
189155207824587_1506701496069945,1,29,27,97,share,189155207824587,2017-05-12T05:49:08+0000,"#鋒開箱

引領潮流 | 復古當道  😎
Pioneer【SE-MS5T】Hi-Res耳罩式耳機
由專業攝影部落客 OldFather&Shan 用快門記錄著生活
用鏡頭解析Hi-Res音樂，碰上復古時尚的精彩火花！

現在，P粉們只要分享貼文+按讚留言
就有機會獲得>>Pioneer 潮流小手扇！
現在就Tag你身邊喜愛復古風的好友們～
留言範例：「 @xxx 這支濃濃復古風的高音質耳機SE-MS5T，你絕不該錯過 ！」

-- 
｜獎項： Pioneer 潮流小手扇。2名。
｜開獎： 5/19(Fri.) 21:00

#PioneerLife #玩響潮流
#SE_MS5T #Hi_Res耳罩式耳機 #復古當道",24
196547797089754_1335546883189834,0,0,0,24,multi_share,196547797089754,2017-04-05T04:00:00+0000,"醃得鹹香入味的烤肉片，搭配上口感比美生菜更細緻的萵苣，真的是清爽開胃又減少了一些對身體的負擔！
不管有沒有中秋，這道一年四季都無敵美味啊！

#李錦記蜜汁烤肉醬
#奶油萵苣烤肉捲",2
287709864938481_409472929428840,0,0,0,67,animated_image_share,287709864938481,2017-04-21T10:30:00+0000,"【#米其林輪子電影院】

Back To The Future！
我們要去的地方不需要路~
搭上Dmc-12開到88英里
改變自己，一起向未來邁進
粉絲們是不是很想一口氣看完三部曲呢？

#我們已經回到未來 #週末就是電影時刻 
#電影裡的事不能亂學博士有練過",1
